repeat,fold,model,epoch,train_loss,val_auc
1,1,pearson_mlp_seed1201,1,0.7509604063793202,0.567398119122257
1,1,pearson_mlp_seed1201,2,0.7433572989791187,0.5689655172413793
1,1,pearson_mlp_seed1201,3,0.6749181270006284,0.5626959247648903
1,1,pearson_mlp_seed1201,4,0.7173218027276186,0.5689655172413793
1,1,pearson_mlp_seed1201,5,0.6703525921005514,0.5658307210031348
1,1,pearson_mlp_seed1201,6,0.6865317750332961,0.5658307210031348
1,1,pearson_mlp_seed1201,7,0.6007201587086293,0.5626959247648903
1,1,pearson_mlp_seed1201,8,0.6157818917018264,0.5705329153605015
1,1,pearson_mlp_seed1201,9,0.545145954658736,0.5705329153605017
1,1,pearson_mlp_seed1201,10,0.5087542670283152,0.5705329153605015
1,1,pearson_mlp_seed1201,11,0.48075597944544324,0.5658307210031348
1,1,pearson_mlp_seed1201,12,0.49638014349771375,0.5626959247648903
1,1,pearson_mlp_seed1201,13,0.45358690871528135,0.5642633228840125
1,1,pearson_mlp_seed1201,14,0.4077186904736419,0.5721003134796239
1,1,pearson_mlp_seed1201,15,0.40246791033009394,0.5768025078369906
1,1,pearson_mlp_seed1201,16,0.34128023676611297,0.5642633228840125
1,1,pearson_mlp_seed1201,17,0.3538319708696052,0.5642633228840126
1,1,pearson_mlp_seed1201,18,0.2903930666434824,0.5752351097178684
1,1,pearson_mlp_seed1201,19,0.22902282701795967,0.5517241379310345
1,1,pearson_mlp_seed1201,20,0.32840008018028677,0.5846394984326019
1,1,pearson_mlp_seed1201,21,0.17598305220034585,0.5815047021943573
1,1,pearson_mlp_seed1201,22,0.24311715164291325,0.5721003134796238
1,1,pearson_mlp_seed1201,23,0.2043827149776084,0.5595611285266457
1,1,pearson_mlp_seed1201,24,0.15074152347460315,0.54858934169279
1,1,pearson_mlp_seed1201,25,0.12948219070387124,0.5626959247648903
1,1,pearson_mlp_seed1201,26,0.1613151413291248,0.5673981191222571
1,1,pearson_mlp_seed1201,27,0.18389813980059838,0.561128526645768
1,1,pearson_mlp_seed1201,28,0.13798808048836034,0.5532915360501567
1,1,pearson_mlp_seed1201,29,0.13809726898794744,0.5658307210031348
1,1,pearson_mlp_seed1201,30,0.11061984730597159,0.5642633228840126
1,1,pearson_mlp_seed1201,31,0.1206432983130958,0.5532915360501567
1,1,pearson_mlp_seed1201,32,0.1060264605787856,0.554858934169279
1,1,pearson_mlp_seed2201,1,0.7368441926899241,0.5658307210031348
1,1,pearson_mlp_seed2201,2,0.7123915716190243,0.5721003134796238
1,1,pearson_mlp_seed2201,3,0.7028429312492485,0.5532915360501568
1,1,pearson_mlp_seed2201,4,0.6697813539362666,0.5658307210031348
1,1,pearson_mlp_seed2201,5,0.7051614419144777,0.5626959247648903
1,1,pearson_mlp_seed2201,6,0.6397526986266843,0.561128526645768
1,1,pearson_mlp_seed2201,7,0.6406424522992984,0.5626959247648903
1,1,pearson_mlp_seed2201,8,0.5962431335923684,0.5626959247648903
1,1,pearson_mlp_seed2201,9,0.5450782025631388,0.554858934169279
1,1,pearson_mlp_seed2201,10,0.5359466735699877,0.5532915360501567
1,1,pearson_mlp_seed2201,11,0.5124753209488901,0.5658307210031348
1,1,pearson_mlp_seed2201,12,0.4500956514581519,0.5971786833855799
1,1,pearson_mlp_seed2201,13,0.43993872848909293,0.5752351097178684
1,1,pearson_mlp_seed2201,14,0.426087446918535,0.5830721003134797
1,1,pearson_mlp_seed2201,15,0.3794598036737584,0.5799373040752351
1,1,pearson_mlp_seed2201,16,0.43279024973437563,0.5721003134796238
1,1,pearson_mlp_seed2201,17,0.3430879898925326,0.5752351097178684
1,1,pearson_mlp_seed2201,18,0.30771998920250887,0.584639498432602
1,1,pearson_mlp_seed2201,19,0.3389978288714565,0.5658307210031348
1,1,pearson_mlp_seed2201,20,0.3360284154687948,0.6018808777429467
1,1,pearson_mlp_seed2201,21,0.28557374183811357,0.6050156739811913
1,1,pearson_mlp_seed2201,22,0.231297607890409,0.5830721003134797
1,1,pearson_mlp_seed2201,23,0.21508575019551746,0.5736677115987461
1,1,pearson_mlp_seed2201,24,0.1997171045832373,0.5768025078369906
1,1,pearson_mlp_seed2201,25,0.24163657541743558,0.584639498432602
1,1,pearson_mlp_seed2201,26,0.18140529481629233,0.5877742946708464
1,1,pearson_mlp_seed2201,27,0.16592682642741732,0.5736677115987461
1,1,pearson_mlp_seed2201,28,0.1728884413541846,0.5595611285266459
1,1,pearson_mlp_seed2201,29,0.16658680126145112,0.5830721003134796
1,1,pearson_mlp_seed2201,30,0.12280745900685515,0.5752351097178684
1,1,pearson_mlp_seed2201,31,0.11224414185801548,0.5642633228840126
1,1,pearson_mlp_seed2201,32,0.14459755223485368,0.5736677115987462
1,1,pearson_mlp_seed2201,33,0.18270151813824972,0.5705329153605017
1,1,pearson_mlp_seed3201,1,0.7241977263445878,0.5721003134796239
1,1,pearson_mlp_seed3201,2,0.749554005873144,0.5721003134796239
1,1,pearson_mlp_seed3201,3,0.6972378311465629,0.5783699059561129
1,1,pearson_mlp_seed3201,4,0.6547436073644838,0.5736677115987461
1,1,pearson_mlp_seed3201,5,0.6281982921249237,0.5752351097178684
1,1,pearson_mlp_seed3201,6,0.6237799575672814,0.5736677115987461
1,1,pearson_mlp_seed3201,7,0.5926364523854422,0.5626959247648903
1,1,pearson_mlp_seed3201,8,0.5730658514582696,0.5815047021943573
1,1,pearson_mlp_seed3201,9,0.5330670726536518,0.5783699059561129
1,1,pearson_mlp_seed3201,10,0.49161195221231946,0.5783699059561129
1,1,pearson_mlp_seed3201,11,0.4540820295241342,0.603448275862069
1,1,pearson_mlp_seed3201,12,0.41519293159394716,0.5830721003134797
1,1,pearson_mlp_seed3201,13,0.4692767843678223,0.5721003134796239
1,1,pearson_mlp_seed3201,14,0.38621798765600024,0.5909090909090909
1,1,pearson_mlp_seed3201,15,0.3944356180542144,0.5815047021943575
1,1,pearson_mlp_seed3201,16,0.3425823021587448,0.6191222570532915
1,1,pearson_mlp_seed3201,17,0.32740573266252354,0.579937304075235
1,1,pearson_mlp_seed3201,18,0.3569071992712827,0.6128526645768025
1,1,pearson_mlp_seed3201,19,0.29074060961381715,0.5956112852664577
1,1,pearson_mlp_seed3201,20,0.24867787334456373,0.6112852664576802
1,1,pearson_mlp_seed3201,21,0.2494330590044088,0.6206896551724138
1,1,pearson_mlp_seed3201,22,0.22023611626963116,0.5658307210031348
1,1,pearson_mlp_seed3201,23,0.20029496590592968,0.5893416927899686
1,1,pearson_mlp_seed3201,24,0.22689914466136724,0.5658307210031348
1,1,pearson_mlp_seed3201,25,0.23323350092071798,0.54858934169279
1,1,pearson_mlp_seed3201,26,0.2124118317122483,0.5768025078369906
1,1,pearson_mlp_seed3201,27,0.2173201478461721,0.5752351097178683
1,1,pearson_mlp_seed3201,28,0.1409376865966403,0.5658307210031348
1,1,pearson_mlp_seed3201,29,0.1377579913803594,0.5595611285266457
1,1,pearson_mlp_seed3201,30,0.15221974090557194,0.5658307210031348
1,1,pearson_mlp_seed3201,31,0.16263364007075629,0.5893416927899687
1,1,pearson_mlp_seed3201,32,0.18110631117180212,0.6112852664576802
1,1,pearson_mlp_seed3201,33,0.10947982325630995,0.5689655172413792
1,1,tangent_mlp_seed1201,1,0.641599181131344,0.5768025078369906
1,1,tangent_mlp_seed1201,2,0.27343457262610915,0.5768025078369905
1,1,tangent_mlp_seed1201,3,0.08065056491328117,0.5736677115987461
1,1,tangent_mlp_seed1201,4,0.036481387579618996,0.567398119122257
1,1,tangent_mlp_seed1201,5,0.017249567075099666,0.5705329153605015
1,1,tangent_mlp_seed1201,6,0.012594038656645162,0.5705329153605015
1,1,tangent_mlp_seed1201,7,0.0098074620070668,0.5705329153605017
1,1,tangent_mlp_seed1201,8,0.009910476827224837,0.567398119122257
1,1,tangent_mlp_seed1201,9,0.00985347537963248,0.5658307210031348
1,1,tangent_mlp_seed1201,10,0.0053557503750705305,0.5658307210031348
1,1,tangent_mlp_seed1201,11,0.004245683679412773,0.567398119122257
1,1,tangent_mlp_seed1201,12,0.00440062674930069,0.5658307210031348
1,1,tangent_mlp_seed1201,13,0.004104721200054706,0.5642633228840126
1,1,tangent_mlp_seed2201,1,0.6608835174076593,0.6347962382445141
1,1,tangent_mlp_seed2201,2,0.35898353930432997,0.6191222570532915
1,1,tangent_mlp_seed2201,3,0.17367036040149517,0.6112852664576802
1,1,tangent_mlp_seed2201,4,0.07711359007812257,0.609717868338558
1,1,tangent_mlp_seed2201,5,0.037228886332288755,0.6097178683385579
1,1,tangent_mlp_seed2201,6,0.02829385237462485,0.6065830721003135
1,1,tangent_mlp_seed2201,7,0.02026366952120961,0.609717868338558
1,1,tangent_mlp_seed2201,8,0.008949484833659817,0.6081504702194357
1,1,tangent_mlp_seed2201,9,0.007662145949121731,0.6081504702194357
1,1,tangent_mlp_seed2201,10,0.003959091835619362,0.6081504702194357
1,1,tangent_mlp_seed2201,11,0.007432012248839905,0.6065830721003135
1,1,tangent_mlp_seed2201,12,0.0051265151972015996,0.6065830721003135
1,1,tangent_mlp_seed2201,13,0.003781166239247764,0.6050156739811912
1,1,tangent_mlp_seed3201,1,0.6844839658310164,0.5047021943573667
1,1,tangent_mlp_seed3201,2,0.37083001256878695,0.5235109717868338
1,1,tangent_mlp_seed3201,3,0.161816934744517,0.5297805642633229
1,1,tangent_mlp_seed3201,4,0.06898350563752859,0.5376175548589341
1,1,tangent_mlp_seed3201,5,0.0319077361245357,0.5407523510971787
1,1,tangent_mlp_seed3201,6,0.020341638318119356,0.5407523510971787
1,1,tangent_mlp_seed3201,7,0.01731787412659038,0.5407523510971787
1,1,tangent_mlp_seed3201,8,0.010484048116729776,0.542319749216301
1,1,tangent_mlp_seed3201,9,0.008226779706553737,0.5438871473354232
1,1,tangent_mlp_seed3201,10,0.009306392513113606,0.542319749216301
1,1,tangent_mlp_seed3201,11,0.005600632122018148,0.5438871473354232
1,1,tangent_mlp_seed3201,12,0.002801827373983922,0.5438871473354232
1,1,tangent_mlp_seed3201,13,0.010618434445144822,0.542319749216301
1,1,tangent_mlp_seed3201,14,0.002274510469194965,0.5423197492163009
1,1,tangent_mlp_seed3201,15,0.007017498656375269,0.5470219435736677
1,1,tangent_mlp_seed3201,16,0.005453269922322783,0.5454545454545454
1,1,tangent_mlp_seed3201,17,0.0031710986919070952,0.5470219435736677
1,1,tangent_mlp_seed3201,18,0.007693483519706115,0.5454545454545454
1,1,tangent_mlp_seed3201,19,0.0016201510480998908,0.5470219435736677
1,1,tangent_mlp_seed3201,20,0.0016726051429425603,0.5470219435736677
1,1,tangent_mlp_seed3201,21,0.0017757420474431703,0.5454545454545454
1,1,tangent_mlp_seed3201,22,0.0024050713559631166,0.5470219435736677
1,1,tangent_mlp_seed3201,23,0.001129482663699903,0.5470219435736677
1,1,tangent_mlp_seed3201,24,0.0017659825677415865,0.5454545454545454
1,1,tangent_mlp_seed3201,25,0.004548056740794488,0.5454545454545454
1,1,tangent_mlp_seed3201,26,0.0028335830760425865,0.5470219435736677
1,1,tangent_mlp_seed3201,27,0.0011036315779676615,0.5470219435736677
1,2,pearson_mlp_seed1202,1,0.693754841735707,0.4922360248447205
1,2,pearson_mlp_seed1202,2,0.6644800292022193,0.576086956521739
1,2,pearson_mlp_seed1202,3,0.6821279131357942,0.576086956521739
1,2,pearson_mlp_seed1202,4,0.6523471800842096,0.5791925465838509
1,2,pearson_mlp_seed1202,5,0.6219339948981556,0.5652173913043478
1,2,pearson_mlp_seed1202,6,0.5791820613899041,0.5745341614906833
1,2,pearson_mlp_seed1202,7,0.593051714387106,0.56055900621118
1,2,pearson_mlp_seed1202,8,0.5522462384617743,0.562111801242236
1,2,pearson_mlp_seed1202,9,0.5268411666006592,0.5093167701863354
1,2,pearson_mlp_seed1202,10,0.5014292639286364,0.5357142857142858
1,2,pearson_mlp_seed1202,11,0.47126847327645144,0.5357142857142857
1,2,pearson_mlp_seed1202,12,0.422553526154205,0.5295031055900621
1,2,pearson_mlp_seed1202,13,0.3967532917338224,0.5357142857142857
1,2,pearson_mlp_seed1202,14,0.37830093577133483,0.4953416149068323
1,2,pearson_mlp_seed1202,15,0.3541960932722139,0.5139751552795031
1,2,pearson_mlp_seed1202,16,0.357917916344766,0.47826086956521746
1,2,pearson_mlp_seed2202,1,0.7024172075945346,0.5869565217391304
1,2,pearson_mlp_seed2202,2,0.6625872921587815,0.5807453416149069
1,2,pearson_mlp_seed2202,3,0.6414802848403134,0.5854037267080745
1,2,pearson_mlp_seed2202,4,0.6285379875951739,0.5869565217391304
1,2,pearson_mlp_seed2202,5,0.6031361257852014,0.5745341614906831
1,2,pearson_mlp_seed2202,6,0.545636145629693,0.5760869565217391
1,2,pearson_mlp_seed2202,7,0.5363282415997329,0.5543478260869565
1,2,pearson_mlp_seed2202,8,0.512397602719454,0.5729813664596274
1,2,pearson_mlp_seed2202,9,0.5029796505745371,0.5481366459627329
1,2,pearson_mlp_seed2202,10,0.4601887919713016,0.5667701863354038
1,2,pearson_mlp_seed2202,11,0.41601969798405963,0.5248447204968945
1,2,pearson_mlp_seed2202,12,0.41055253370484307,0.5527950310559006
1,2,pearson_mlp_seed2202,13,0.3912431507264797,0.5512422360248447
1,2,pearson_mlp_seed3202,1,0.7379244340592949,0.5698757763975155
1,2,pearson_mlp_seed3202,2,0.6952362010134986,0.5714285714285714
1,2,pearson_mlp_seed3202,3,0.6398314537100531,0.5683229813664596
1,2,pearson_mlp_seed3202,4,0.6355305073866203,0.562111801242236
1,2,pearson_mlp_seed3202,5,0.5963300697839082,0.5652173913043478
1,2,pearson_mlp_seed3202,6,0.5823215803696742,0.5512422360248448
1,2,pearson_mlp_seed3202,7,0.5862521662640927,0.5512422360248448
1,2,pearson_mlp_seed3202,8,0.554086391605548,0.5698757763975155
1,2,pearson_mlp_seed3202,9,0.5213651953645013,0.5559006211180124
1,2,pearson_mlp_seed3202,10,0.5127418397077873,0.5543478260869565
1,2,pearson_mlp_seed3202,11,0.4359088328050737,0.5605590062111802
1,2,pearson_mlp_seed3202,12,0.45513078422095643,0.5372670807453417
1,2,pearson_mlp_seed3202,13,0.3884892290207877,0.5295031055900622
1,2,pearson_mlp_seed3202,14,0.3671497972450446,0.4813664596273292
1,2,tangent_mlp_seed1202,1,0.6692734452622446,0.6118012422360248
1,2,tangent_mlp_seed1202,2,0.3625580030516605,0.6350931677018633
1,2,tangent_mlp_seed1202,3,0.14485750195398853,0.6475155279503105
1,2,tangent_mlp_seed1202,4,0.06612869443844503,0.6490683229813664
1,2,tangent_mlp_seed1202,5,0.027670464740222812,0.6490683229813664
1,2,tangent_mlp_seed1202,6,0.018198194779196188,0.6506211180124224
1,2,tangent_mlp_seed1202,7,0.02317737306083613,0.6521739130434783
1,2,tangent_mlp_seed1202,8,0.010767650904176775,0.6552795031055901
1,2,tangent_mlp_seed1202,9,0.006296967485206044,0.656832298136646
1,2,tangent_mlp_seed1202,10,0.006255493753598957,0.6552795031055899
1,2,tangent_mlp_seed1202,11,0.004077815827195398,0.656832298136646
1,2,tangent_mlp_seed1202,12,0.006830709830444278,0.656832298136646
1,2,tangent_mlp_seed1202,13,0.002701221925869065,0.656832298136646
1,2,tangent_mlp_seed1202,14,0.0024775563859709758,0.656832298136646
1,2,tangent_mlp_seed1202,15,0.004464072877290978,0.656832298136646
1,2,tangent_mlp_seed1202,16,0.005455559514004236,0.6599378881987578
1,2,tangent_mlp_seed1202,17,0.0018073665648186232,0.6630434782608695
1,2,tangent_mlp_seed1202,18,0.0013601539412684814,0.6661490683229814
1,2,tangent_mlp_seed1202,19,0.0027750632688009285,0.6645962732919254
1,2,tangent_mlp_seed1202,20,0.0012264826951261184,0.6661490683229813
1,2,tangent_mlp_seed1202,21,0.001177931781609882,0.6661490683229813
1,2,tangent_mlp_seed1202,22,0.000895945217451127,0.6661490683229813
1,2,tangent_mlp_seed1202,23,0.0018169682968722943,0.6630434782608696
1,2,tangent_mlp_seed1202,24,0.0019476486881673614,0.6661490683229814
1,2,tangent_mlp_seed1202,25,0.000916007427216058,0.6645962732919255
1,2,tangent_mlp_seed1202,26,0.004860122263575186,0.6645962732919255
1,2,tangent_mlp_seed1202,27,0.0006274489036631488,0.6645962732919255
1,2,tangent_mlp_seed1202,28,0.0006963529374490408,0.6645962732919255
1,2,tangent_mlp_seed1202,29,0.0012444252284667663,0.6661490683229814
1,2,tangent_mlp_seed1202,30,0.004418348852111796,0.6661490683229814
1,2,tangent_mlp_seed2202,1,0.6108314451293566,0.5854037267080745
1,2,tangent_mlp_seed2202,2,0.2377460759077499,0.5931677018633541
1,2,tangent_mlp_seed2202,3,0.08056574027559057,0.610248447204969
1,2,tangent_mlp_seed2202,4,0.03928042851870333,0.611801242236025
1,2,tangent_mlp_seed2202,5,0.024523905316247277,0.6164596273291925
1,2,tangent_mlp_seed2202,6,0.011734543979255973,0.6273291925465838
1,2,tangent_mlp_seed2202,7,0.010459714101173391,0.6335403726708074
1,2,tangent_mlp_seed2202,8,0.008804007029665903,0.6350931677018634
1,2,tangent_mlp_seed2202,9,0.008779459790759883,0.6366459627329192
1,2,tangent_mlp_seed2202,10,0.005101001614111647,0.6428571428571429
1,2,tangent_mlp_seed2202,11,0.006115743335549585,0.6413043478260869
1,2,tangent_mlp_seed2202,12,0.0025197596341922915,0.6428571428571428
1,2,tangent_mlp_seed2202,13,0.001732632534031696,0.6428571428571428
1,2,tangent_mlp_seed2202,14,0.00292949529540776,0.6428571428571428
1,2,tangent_mlp_seed2202,15,0.0028571741741187685,0.6413043478260869
1,2,tangent_mlp_seed2202,16,0.0017648206048399508,0.6428571428571429
1,2,tangent_mlp_seed2202,17,0.0026120219929305958,0.6428571428571429
1,2,tangent_mlp_seed2202,18,0.003360263430467107,0.639751552795031
1,2,tangent_mlp_seed2202,19,0.0016329089550745086,0.6444099378881987
1,2,tangent_mlp_seed2202,20,0.0016908051558441265,0.6428571428571428
1,2,tangent_mlp_seed2202,21,0.0006923411433603522,0.6459627329192547
1,2,tangent_mlp_seed2202,22,0.000960323384969347,0.6444099378881988
1,2,tangent_mlp_seed2202,23,0.0015587919844610996,0.6444099378881988
1,2,tangent_mlp_seed2202,24,0.004097339111087503,0.6459627329192547
1,2,tangent_mlp_seed2202,25,0.0013421231965706406,0.6459627329192548
1,2,tangent_mlp_seed2202,26,0.001962639437611933,0.6428571428571429
1,2,tangent_mlp_seed2202,27,0.0007607301883051978,0.639751552795031
1,2,tangent_mlp_seed2202,28,0.004503422033853872,0.6381987577639752
1,2,tangent_mlp_seed2202,29,0.0006065134446326914,0.639751552795031
1,2,tangent_mlp_seed2202,30,0.000419693279070826,0.639751552795031
1,2,tangent_mlp_seed2202,31,0.0011124986713863354,0.641304347826087
1,2,tangent_mlp_seed2202,32,0.001301252575352584,0.641304347826087
1,2,tangent_mlp_seed2202,33,0.001274805066524136,0.6428571428571429
1,2,tangent_mlp_seed3202,1,0.6642045224483927,0.6630434782608697
1,2,tangent_mlp_seed3202,2,0.35357538043563047,0.6614906832298136
1,2,tangent_mlp_seed3202,3,0.14035945478363418,0.6708074534161491
1,2,tangent_mlp_seed3202,4,0.05822150244270984,0.6754658385093169
1,2,tangent_mlp_seed3202,5,0.0267298466048727,0.6832298136645962
1,2,tangent_mlp_seed3202,6,0.01847466486807338,0.687888198757764
1,2,tangent_mlp_seed3202,7,0.012281118718379024,0.6894409937888198
1,2,tangent_mlp_seed3202,8,0.0111242783306843,0.6909937888198758
1,2,tangent_mlp_seed3202,9,0.007230315978328387,0.6940993788819875
1,2,tangent_mlp_seed3202,10,0.005829479547671566,0.6940993788819875
1,2,tangent_mlp_seed3202,11,0.003486413903654882,0.6956521739130433
1,2,tangent_mlp_seed3202,12,0.003396868179853431,0.6940993788819875
1,2,tangent_mlp_seed3202,13,0.00232500736532149,0.6972049689440993
1,2,tangent_mlp_seed3202,14,0.0026634246920610766,0.6987577639751553
1,2,tangent_mlp_seed3202,15,0.003217055011408598,0.6956521739130435
1,2,tangent_mlp_seed3202,16,0.006540504348492111,0.6972049689440994
1,2,tangent_mlp_seed3202,17,0.0015443360214848511,0.6987577639751553
1,2,tangent_mlp_seed3202,18,0.003289180005604021,0.6987577639751553
1,2,tangent_mlp_seed3202,19,0.002616708159657538,0.6956521739130435
1,2,tangent_mlp_seed3202,20,0.0014676100905145987,0.6956521739130435
1,2,tangent_mlp_seed3202,21,0.0008736384597207901,0.6956521739130435
1,2,tangent_mlp_seed3202,22,0.0010205527474473587,0.6956521739130435
1,2,tangent_mlp_seed3202,23,0.0009197995111674062,0.6956521739130435
1,2,tangent_mlp_seed3202,24,0.0017067013651280855,0.6925465838509317
1,2,tangent_mlp_seed3202,25,0.002132051646076977,0.6940993788819876
1,2,tangent_mlp_seed3202,26,0.0006464721011785578,0.6940993788819876
1,3,pearson_mlp_seed1203,1,0.7644722007993442,0.6319875776397516
1,3,pearson_mlp_seed1203,2,0.7106836340320644,0.6149068322981366
1,3,pearson_mlp_seed1203,3,0.6914862616738277,0.6118012422360248
1,3,pearson_mlp_seed1203,4,0.6825934776026218,0.6009316770186335
1,3,pearson_mlp_seed1203,5,0.6203129537663057,0.5822981366459627
1,3,pearson_mlp_seed1203,6,0.5859536068949533,0.577639751552795
1,3,pearson_mlp_seed1203,7,0.5356422867347945,0.5574534161490683
1,3,pearson_mlp_seed1203,8,0.5388421763235064,0.5496894409937888
1,3,pearson_mlp_seed1203,9,0.48263216967606426,0.5434782608695652
1,3,pearson_mlp_seed1203,10,0.4727228779104812,0.5403726708074534
1,3,pearson_mlp_seed1203,11,0.4419287013177255,0.5574534161490683
1,3,pearson_mlp_seed1203,12,0.41510072647042534,0.515527950310559
1,3,pearson_mlp_seed1203,13,0.3809069750913933,0.5155279503105591
1,3,pearson_mlp_seed2203,1,0.7430285001868633,0.6273291925465838
1,3,pearson_mlp_seed2203,2,0.6897865874850335,0.6211180124223602
1,3,pearson_mlp_seed2203,3,0.6433880243135329,0.6211180124223602
1,3,pearson_mlp_seed2203,4,0.6411402975741903,0.6195652173913043
1,3,pearson_mlp_seed2203,5,0.6029214372682334,0.6133540372670807
1,3,pearson_mlp_seed2203,6,0.591846742440219,0.5652173913043479
1,3,pearson_mlp_seed2203,7,0.5901495072972122,0.5512422360248447
1,3,pearson_mlp_seed2203,8,0.507791152789225,0.562111801242236
1,3,pearson_mlp_seed2203,9,0.4775596649492558,0.5652173913043478
1,3,pearson_mlp_seed2203,10,0.4642128552963485,0.4953416149068323
1,3,pearson_mlp_seed2203,11,0.4245272318818676,0.5543478260869565
1,3,pearson_mlp_seed2203,12,0.3907949491519833,0.5124223602484472
1,3,pearson_mlp_seed2203,13,0.36772321112713413,0.5108695652173914
1,3,pearson_mlp_seed3203,1,0.7408265670140585,0.6288819875776398
1,3,pearson_mlp_seed3203,2,0.707373308008583,0.6381987577639752
1,3,pearson_mlp_seed3203,3,0.6519019061060094,0.6288819875776397
1,3,pearson_mlp_seed3203,4,0.6760703420164573,0.6273291925465838
1,3,pearson_mlp_seed3203,5,0.6377542106369835,0.6288819875776397
1,3,pearson_mlp_seed3203,6,0.6081263541582211,0.6071428571428571
1,3,pearson_mlp_seed3203,7,0.5940734502391436,0.5822981366459627
1,3,pearson_mlp_seed3203,8,0.5955355244489452,0.6164596273291926
1,3,pearson_mlp_seed3203,9,0.537593696247879,0.59472049689441
1,3,pearson_mlp_seed3203,10,0.5102831946676644,0.5652173913043479
1,3,pearson_mlp_seed3203,11,0.45653021009407235,0.5683229813664596
1,3,pearson_mlp_seed3203,12,0.4183485407141311,0.5683229813664596
1,3,pearson_mlp_seed3203,13,0.4156954966077757,0.5559006211180124
1,3,pearson_mlp_seed3203,14,0.389710992129881,0.5900621118012422
1,3,tangent_mlp_seed1203,1,0.6507725970662055,0.7127329192546584
1,3,tangent_mlp_seed1203,2,0.32420335602552736,0.718944099378882
1,3,tangent_mlp_seed1203,3,0.12522724871315175,0.7158385093167702
1,3,tangent_mlp_seed1203,4,0.057818623688257305,0.7096273291925466
1,3,tangent_mlp_seed1203,5,0.0182336860832142,0.7111801242236024
1,3,tangent_mlp_seed1203,6,0.014565670936929053,0.7142857142857143
1,3,tangent_mlp_seed1203,7,0.010576560148107471,0.7158385093167702
1,3,tangent_mlp_seed1203,8,0.011498496802848073,0.718944099378882
1,3,tangent_mlp_seed1203,9,0.005273555572241989,0.718944099378882
1,3,tangent_mlp_seed1203,10,0.010398245806370245,0.7189440993788819
1,3,tangent_mlp_seed1203,11,0.003484065315468394,0.717391304347826
1,3,tangent_mlp_seed1203,12,0.0043667976336729765,0.7158385093167703
1,3,tangent_mlp_seed1203,13,0.0033201522585375245,0.7142857142857143
1,3,tangent_mlp_seed1203,14,0.0031654297024363755,0.7158385093167703
1,3,tangent_mlp_seed2203,1,0.6788573659474577,0.6583850931677019
1,3,tangent_mlp_seed2203,2,0.3662589155322877,0.6847826086956522
1,3,tangent_mlp_seed2203,3,0.15074918734197,0.6832298136645962
1,3,tangent_mlp_seed2203,4,0.0702450082484466,0.687888198757764
1,3,tangent_mlp_seed2203,5,0.037050536041384315,0.6925465838509317
1,3,tangent_mlp_seed2203,6,0.017891052492954466,0.6940993788819876
1,3,tangent_mlp_seed2203,7,0.014912257925491428,0.7003105590062112
1,3,tangent_mlp_seed2203,8,0.007455056292278257,0.7065217391304348
1,3,tangent_mlp_seed2203,9,0.006139327347422232,0.7065217391304348
1,3,tangent_mlp_seed2203,10,0.004174361004846272,0.7080745341614907
1,3,tangent_mlp_seed2203,11,0.007231242141561277,0.7096273291925467
1,3,tangent_mlp_seed2203,12,0.006046246452284838,0.7127329192546583
1,3,tangent_mlp_seed2203,13,0.00290593938567254,0.7127329192546584
1,3,tangent_mlp_seed2203,14,0.005397051695585992,0.7111801242236025
1,3,tangent_mlp_seed2203,15,0.001945467603819176,0.7142857142857143
1,3,tangent_mlp_seed2203,16,0.004944660402869166,0.7127329192546584
1,3,tangent_mlp_seed2203,17,0.0014141092554142522,0.7142857142857144
1,3,tangent_mlp_seed2203,18,0.0017904588759793385,0.7111801242236025
1,3,tangent_mlp_seed2203,19,0.002465535528072856,0.7142857142857143
1,3,tangent_mlp_seed2203,20,0.001676244910259671,0.7142857142857143
1,3,tangent_mlp_seed2203,21,0.005506315078079992,0.7142857142857143
1,3,tangent_mlp_seed2203,22,0.0014071523575187516,0.7142857142857143
1,3,tangent_mlp_seed2203,23,0.0038434020051007524,0.7142857142857143
1,3,tangent_mlp_seed2203,24,0.0011031656683566263,0.7142857142857143
1,3,tangent_mlp_seed2203,25,0.001587655885256271,0.7158385093167703
1,3,tangent_mlp_seed2203,26,0.0011935976207365204,0.718944099378882
1,3,tangent_mlp_seed2203,27,0.0009150646955123052,0.7173913043478262
1,3,tangent_mlp_seed2203,28,0.00036147993179738973,0.7173913043478262
1,3,tangent_mlp_seed2203,29,0.0013153997350678738,0.7173913043478262
1,3,tangent_mlp_seed2203,30,0.00162469552116311,0.7158385093167702
1,3,tangent_mlp_seed2203,31,0.0005727202538929843,0.717391304347826
1,3,tangent_mlp_seed2203,32,0.0006349869693246605,0.7189440993788819
1,3,tangent_mlp_seed2203,33,0.0007362624517970937,0.7189440993788819
1,3,tangent_mlp_seed2203,34,0.0007170852786386143,0.7204968944099379
1,3,tangent_mlp_seed2203,35,0.0005038843612318085,0.7204968944099379
1,3,tangent_mlp_seed2203,36,0.0005001094388029543,0.7204968944099379
1,3,tangent_mlp_seed2203,37,0.0010720939683584283,0.7189440993788819
1,3,tangent_mlp_seed2203,38,0.0003901238010099287,0.7204968944099379
1,3,tangent_mlp_seed2203,39,0.0006292628151089079,0.7236024844720497
1,3,tangent_mlp_seed2203,40,0.0005919825120172255,0.7204968944099379
1,3,tangent_mlp_seed2203,41,0.000319343139462537,0.7204968944099379
1,3,tangent_mlp_seed2203,42,0.00032411888527738355,0.717391304347826
1,3,tangent_mlp_seed2203,43,0.0009019838492064598,0.7173913043478262
1,3,tangent_mlp_seed2203,44,0.0011025423965288633,0.718944099378882
1,3,tangent_mlp_seed2203,45,0.00011474550942761768,0.718944099378882
1,3,tangent_mlp_seed2203,46,0.00015265079214734568,0.718944099378882
1,3,tangent_mlp_seed2203,47,0.00025699074780530836,0.718944099378882
1,3,tangent_mlp_seed2203,48,0.0008788919237770131,0.7204968944099379
1,3,tangent_mlp_seed2203,49,0.0003241978965300617,0.7204968944099379
1,3,tangent_mlp_seed2203,50,0.0004809479169351795,0.7204968944099379
1,3,tangent_mlp_seed2203,51,0.00013832728989799948,0.7220496894409938
1,3,tangent_mlp_seed3203,1,0.6894387365573674,0.7065217391304348
1,3,tangent_mlp_seed3203,2,0.42120356109011825,0.7003105590062112
1,3,tangent_mlp_seed3203,3,0.20665788383626227,0.7034161490683231
1,3,tangent_mlp_seed3203,4,0.09367459576892022,0.7080745341614908
1,3,tangent_mlp_seed3203,5,0.040317675145111274,0.7158385093167702
1,3,tangent_mlp_seed3203,6,0.023943014433653792,0.7158385093167702
1,3,tangent_mlp_seed3203,7,0.01469223888414861,0.7158385093167702
1,3,tangent_mlp_seed3203,8,0.011732614857482896,0.7189440993788819
1,3,tangent_mlp_seed3203,9,0.007850689828553381,0.7158385093167702
1,3,tangent_mlp_seed3203,10,0.004706365808691663,0.718944099378882
1,3,tangent_mlp_seed3203,11,0.006367656944403008,0.7204968944099379
1,3,tangent_mlp_seed3203,12,0.003208125758434261,0.7204968944099378
1,3,tangent_mlp_seed3203,13,0.0024255449514122523,0.7204968944099378
1,3,tangent_mlp_seed3203,14,0.005145523342679241,0.718944099378882
1,3,tangent_mlp_seed3203,15,0.0021160349999299615,0.718944099378882
1,3,tangent_mlp_seed3203,16,0.0016184067295688153,0.718944099378882
1,3,tangent_mlp_seed3203,17,0.0036209083940667002,0.718944099378882
1,3,tangent_mlp_seed3203,18,0.001585987389588089,0.7220496894409938
1,3,tangent_mlp_seed3203,19,0.0008633721142599535,0.7220496894409938
1,3,tangent_mlp_seed3203,20,0.0016355956837622362,0.7236024844720497
1,3,tangent_mlp_seed3203,21,0.0023274961175554576,0.7204968944099379
1,3,tangent_mlp_seed3203,22,0.0007221803802647049,0.7220496894409938
1,3,tangent_mlp_seed3203,23,0.0020052859564288635,0.7251552795031057
1,3,tangent_mlp_seed3203,24,0.0005933241371357286,0.7204968944099379
1,3,tangent_mlp_seed3203,25,0.0010338607748080768,0.7204968944099379
1,3,tangent_mlp_seed3203,26,0.0008233161711201202,0.7220496894409937
1,3,tangent_mlp_seed3203,27,0.0015434631434922566,0.7220496894409938
1,3,tangent_mlp_seed3203,28,0.0017431805194136907,0.7236024844720498
1,3,tangent_mlp_seed3203,29,0.0010284222689959967,0.7236024844720498
1,3,tangent_mlp_seed3203,30,0.0008043052979185482,0.7236024844720498
1,3,tangent_mlp_seed3203,31,0.0008888828179892268,0.7236024844720498
1,3,tangent_mlp_seed3203,32,0.0015471192192710792,0.7236024844720498
1,3,tangent_mlp_seed3203,33,0.0003701360797750925,0.7236024844720498
1,3,tangent_mlp_seed3203,34,0.0006395855025719592,0.7236024844720498
1,3,tangent_mlp_seed3203,35,0.00035225832136203094,0.7251552795031057
2,1,pearson_mlp_seed1201,1,0.7227512437905839,0.7037617554858935
2,1,pearson_mlp_seed1201,2,0.6114675073481318,0.731974921630094
2,1,pearson_mlp_seed1201,3,0.5967146660854568,0.7382445141065831
2,1,pearson_mlp_seed1201,4,0.5053146152353999,0.7084639498432602
2,1,pearson_mlp_seed1201,5,0.45870314886913965,0.6943573667711598
2,1,pearson_mlp_seed1201,6,0.3954443331085034,0.725705329153605
2,1,pearson_mlp_seed1201,7,0.37993095392611487,0.7115987460815048
2,1,pearson_mlp_seed1201,8,0.33491043183044417,0.7006269592476488
2,1,pearson_mlp_seed1201,9,0.2569335754682769,0.7037617554858935
2,1,pearson_mlp_seed1201,10,0.20800441548005857,0.6786833855799372
2,1,pearson_mlp_seed1201,11,0.20186982700480752,0.6332288401253918
2,1,pearson_mlp_seed1201,12,0.1891143677098241,0.6786833855799373
2,1,pearson_mlp_seed1201,13,0.18219551369918519,0.652037617554859
2,1,pearson_mlp_seed1201,14,0.11307087169950875,0.6347962382445141
2,1,pearson_mlp_seed1201,15,0.07026531573255264,0.6849529780564263
2,1,pearson_mlp_seed2201,1,0.7392207986086755,0.6739811912225705
2,1,pearson_mlp_seed2201,2,0.6284443145960718,0.7147335423197493
2,1,pearson_mlp_seed2201,3,0.5683577969596161,0.7163009404388715
2,1,pearson_mlp_seed2201,4,0.5756060151911494,0.7178683385579937
2,1,pearson_mlp_seed2201,5,0.4819032549858093,0.7210031347962382
2,1,pearson_mlp_seed2201,6,0.4374536910460363,0.6974921630094043
2,1,pearson_mlp_seed2201,7,0.399615609378957,0.713166144200627
2,1,pearson_mlp_seed2201,8,0.36566168677747546,0.7178683385579938
2,1,pearson_mlp_seed2201,9,0.3166920222453217,0.7100313479623824
2,1,pearson_mlp_seed2201,10,0.2526610755727659,0.7053291536050157
2,1,pearson_mlp_seed2201,11,0.22207224280086915,0.6959247648902821
2,1,pearson_mlp_seed2201,12,0.20240118962467013,0.6630094043887147
2,1,pearson_mlp_seed2201,13,0.19250396364808675,0.6755485893416928
2,1,pearson_mlp_seed2201,14,0.1279073956964621,0.6927899686520376
2,1,pearson_mlp_seed2201,15,0.12251629791597822,0.7006269592476488
2,1,pearson_mlp_seed2201,16,0.08565551743133744,0.6849529780564263
2,1,pearson_mlp_seed2201,17,0.12649957783779694,0.6912225705329154
2,1,pearson_mlp_seed3201,1,0.7296583922348212,0.6661442006269592
2,1,pearson_mlp_seed3201,2,0.638206976414913,0.7225705329153604
2,1,pearson_mlp_seed3201,3,0.5743575904944643,0.7006269592476488
2,1,pearson_mlp_seed3201,4,0.5317601917394951,0.6849529780564263
2,1,pearson_mlp_seed3201,5,0.463512408792676,0.6974921630094043
2,1,pearson_mlp_seed3201,6,0.43714438356570345,0.7068965517241379
2,1,pearson_mlp_seed3201,7,0.40050867956076097,0.6880877742946709
2,1,pearson_mlp_seed3201,8,0.31212555146335963,0.6880877742946709
2,1,pearson_mlp_seed3201,9,0.31579453435110216,0.7100313479623824
2,1,pearson_mlp_seed3201,10,0.24301783747933992,0.700626959247649
2,1,pearson_mlp_seed3201,11,0.1857351072836871,0.6912225705329154
2,1,pearson_mlp_seed3201,12,0.16484057673470892,0.6802507836990596
2,1,pearson_mlp_seed3201,13,0.1318744036985274,0.6959247648902821
2,1,pearson_mlp_seed3201,14,0.09799168538765528,0.6943573667711598
2,1,tangent_mlp_seed1201,1,0.653591519267998,0.6112852664576802
2,1,tangent_mlp_seed1201,2,0.30432493295242535,0.6567398119122256
2,1,tangent_mlp_seed1201,3,0.10267819327056704,0.670846394984326
2,1,tangent_mlp_seed1201,4,0.047401733084845896,0.6645768025078369
2,1,tangent_mlp_seed1201,5,0.02059386846197037,0.6692789968652038
2,1,tangent_mlp_seed1201,6,0.012600028620895569,0.6724137931034482
2,1,tangent_mlp_seed1201,7,0.009131227786750046,0.6692789968652038
2,1,tangent_mlp_seed1201,8,0.007065495686369267,0.6692789968652038
2,1,tangent_mlp_seed1201,9,0.005291677047660695,0.6724137931034483
2,1,tangent_mlp_seed1201,10,0.005161358451294662,0.6739811912225705
2,1,tangent_mlp_seed1201,11,0.0022082768272914327,0.6755485893416928
2,1,tangent_mlp_seed1201,12,0.0033657539367156837,0.670846394984326
2,1,tangent_mlp_seed1201,13,0.004191327032711895,0.6755485893416928
2,1,tangent_mlp_seed1201,14,0.0022690419324289134,0.6755485893416928
2,1,tangent_mlp_seed1201,15,0.0025328166081468153,0.6739811912225706
2,1,tangent_mlp_seed1201,16,0.002451617886377174,0.6739811912225705
2,1,tangent_mlp_seed1201,17,0.002374038896616085,0.6708463949843261
2,1,tangent_mlp_seed1201,18,0.0014060023032240014,0.6692789968652038
2,1,tangent_mlp_seed1201,19,0.0014255457697899558,0.6692789968652038
2,1,tangent_mlp_seed1201,20,0.0011096753764311743,0.6677115987460815
2,1,tangent_mlp_seed1201,21,0.0009750831155199095,0.6677115987460815
2,1,tangent_mlp_seed1201,22,0.001579300766006872,0.670846394984326
2,1,tangent_mlp_seed1201,23,0.0006467818394905669,0.670846394984326
2,1,tangent_mlp_seed2201,1,0.6787362181725194,0.6238244514106583
2,1,tangent_mlp_seed2201,2,0.3758655577453215,0.6489028213166144
2,1,tangent_mlp_seed2201,3,0.1684679593242223,0.6661442006269592
2,1,tangent_mlp_seed2201,4,0.08956378210910518,0.6724137931034482
2,1,tangent_mlp_seed2201,5,0.031689861724477505,0.6755485893416928
2,1,tangent_mlp_seed2201,6,0.025027508796447544,0.6739811912225706
2,1,tangent_mlp_seed2201,7,0.01550484118770011,0.6739811912225706
2,1,tangent_mlp_seed2201,8,0.0070901052349835484,0.6755485893416928
2,1,tangent_mlp_seed2201,9,0.009290567548269063,0.6755485893416928
2,1,tangent_mlp_seed2201,10,0.005150992789338181,0.6786833855799372
2,1,tangent_mlp_seed2201,11,0.004707818306445038,0.6818181818181818
2,1,tangent_mlp_seed2201,12,0.004233819961927794,0.6818181818181819
2,1,tangent_mlp_seed2201,13,0.004280487626248887,0.6802507836990596
2,1,tangent_mlp_seed2201,14,0.003218099922034426,0.6786833855799372
2,1,tangent_mlp_seed2201,15,0.0026531007988795418,0.6786833855799373
2,1,tangent_mlp_seed2201,16,0.002044287279412725,0.6786833855799372
2,1,tangent_mlp_seed2201,17,0.0035295153540021635,0.677115987460815
2,1,tangent_mlp_seed2201,18,0.0017758517373186438,0.6755485893416928
2,1,tangent_mlp_seed2201,19,0.0009166343920674194,0.6739811912225705
2,1,tangent_mlp_seed2201,20,0.0011847528938287452,0.6724137931034483
2,1,tangent_mlp_seed2201,21,0.0019459574001456671,0.6739811912225705
2,1,tangent_mlp_seed2201,22,0.0019005144422046206,0.6739811912225705
2,1,tangent_mlp_seed2201,23,0.0018358575411845201,0.6739811912225705
2,1,tangent_mlp_seed3201,1,0.6954013399816864,0.6536050156739812
2,1,tangent_mlp_seed3201,2,0.38847606840418347,0.6724137931034484
2,1,tangent_mlp_seed3201,3,0.17268111604956252,0.6802507836990596
2,1,tangent_mlp_seed3201,4,0.07983057708734304,0.6818181818181819
2,1,tangent_mlp_seed3201,5,0.03706969456070691,0.6818181818181819
2,1,tangent_mlp_seed3201,6,0.02013577114957482,0.677115987460815
2,1,tangent_mlp_seed3201,7,0.01875187849060665,0.6786833855799373
2,1,tangent_mlp_seed3201,8,0.009006501453469939,0.677115987460815
2,1,tangent_mlp_seed3201,9,0.009133584222835094,0.6771159874608151
2,1,tangent_mlp_seed3201,10,0.005383323537491595,0.677115987460815
2,1,tangent_mlp_seed3201,11,0.006258191763242679,0.6818181818181819
2,1,tangent_mlp_seed3201,12,0.0029005950249601804,0.6818181818181819
2,1,tangent_mlp_seed3201,13,0.009784905520263152,0.6818181818181819
2,1,tangent_mlp_seed3201,14,0.003683838260936926,0.6786833855799372
2,1,tangent_mlp_seed3201,15,0.009396490001522782,0.6802507836990596
2,1,tangent_mlp_seed3201,16,0.003665888459747194,0.6802507836990596
2,2,pearson_mlp_seed1202,1,0.7064734347424104,0.5807453416149069
2,2,pearson_mlp_seed1202,2,0.642474290743396,0.577639751552795
2,2,pearson_mlp_seed1202,3,0.6006572694327701,0.5776397515527951
2,2,pearson_mlp_seed1202,4,0.6084298049632589,0.5729813664596273
2,2,pearson_mlp_seed1202,5,0.5771030424839229,0.5978260869565217
2,2,pearson_mlp_seed1202,6,0.5598071884753099,0.6102484472049688
2,2,pearson_mlp_seed1202,7,0.5199096979786507,0.577639751552795
2,2,pearson_mlp_seed1202,8,0.5128655243868852,0.59472049689441
2,2,pearson_mlp_seed1202,9,0.47928993040649454,0.5854037267080745
2,2,pearson_mlp_seed1202,10,0.45399361463328497,0.5885093167701863
2,2,pearson_mlp_seed1202,11,0.41934546338978096,0.6118012422360248
2,2,pearson_mlp_seed1202,12,0.4066704173586262,0.59472049689441
2,2,pearson_mlp_seed1202,13,0.36808882334932164,0.6055900621118013
2,2,pearson_mlp_seed1202,14,0.351349522077029,0.6024844720496894
2,2,pearson_mlp_seed1202,15,0.3617713414317933,0.59472049689441
2,2,pearson_mlp_seed1202,16,0.29950587251293126,0.6055900621118012
2,2,pearson_mlp_seed1202,17,0.2309066264783565,0.5962732919254659
2,2,pearson_mlp_seed1202,18,0.2706794738769531,0.6226708074534162
2,2,pearson_mlp_seed1202,19,0.18848215944286603,0.6180124223602483
2,2,pearson_mlp_seed1202,20,0.24501167334134305,0.6009316770186335
2,2,pearson_mlp_seed1202,21,0.16406507045030594,0.6257763975155279
2,2,pearson_mlp_seed1202,22,0.1594269287526904,0.6009316770186336
2,2,pearson_mlp_seed1202,23,0.2244838101057271,0.6024844720496895
2,2,pearson_mlp_seed1202,24,0.18249951745962623,0.6118012422360248
2,2,pearson_mlp_seed1202,25,0.13357638404588795,0.6226708074534162
2,2,pearson_mlp_seed1202,26,0.1425412410304914,0.6164596273291926
2,2,pearson_mlp_seed1202,27,0.10992374890182742,0.6024844720496895
2,2,pearson_mlp_seed1202,28,0.13506053467814008,0.6133540372670807
2,2,pearson_mlp_seed1202,29,0.10444424749903418,0.608695652173913
2,2,pearson_mlp_seed1202,30,0.10502886757328736,0.6055900621118013
2,2,pearson_mlp_seed1202,31,0.09037053512770739,0.6273291925465838
2,2,pearson_mlp_seed1202,32,0.08956247733081159,0.59472049689441
2,2,pearson_mlp_seed1202,33,0.12744985881321763,0.6257763975155279
2,2,pearson_mlp_seed1202,34,0.14490479023302372,0.608695652173913
2,2,pearson_mlp_seed1202,35,0.11051017831807113,0.6273291925465838
2,2,pearson_mlp_seed1202,36,0.1250817590017817,0.6071428571428571
2,2,pearson_mlp_seed1202,37,0.08453636431130604,0.59472049689441
2,2,pearson_mlp_seed1202,38,0.08319048667083313,0.6133540372670808
2,2,pearson_mlp_seed1202,39,0.09910590829911517,0.6086956521739131
2,2,pearson_mlp_seed1202,40,0.09324219913235796,0.6118012422360248
2,2,pearson_mlp_seed1202,41,0.08735290744263141,0.6071428571428572
2,2,pearson_mlp_seed1202,42,0.11707726602827138,0.5916149068322981
2,2,pearson_mlp_seed1202,43,0.07335853988110129,0.608695652173913
2,2,pearson_mlp_seed2202,1,0.6833225684379464,0.5807453416149069
2,2,pearson_mlp_seed2202,2,0.6892852768376099,0.5745341614906833
2,2,pearson_mlp_seed2202,3,0.6402629050449352,0.5745341614906833
2,2,pearson_mlp_seed2202,4,0.6625983990840058,0.5822981366459627
2,2,pearson_mlp_seed2202,5,0.5756025530805635,0.5869565217391305
2,2,pearson_mlp_seed2202,6,0.5253275846367451,0.5838509316770186
2,2,pearson_mlp_seed2202,7,0.5043929564715618,0.6009316770186336
2,2,pearson_mlp_seed2202,8,0.4909475439816565,0.6040372670807453
2,2,pearson_mlp_seed2202,9,0.49843910899921434,0.6071428571428571
2,2,pearson_mlp_seed2202,10,0.46537663865445267,0.610248447204969
2,2,pearson_mlp_seed2202,11,0.43432411506994445,0.6288819875776398
2,2,pearson_mlp_seed2202,12,0.4139206129223553,0.6149068322981366
2,2,pearson_mlp_seed2202,13,0.37158392629220116,0.6195652173913043
2,2,pearson_mlp_seed2202,14,0.3411531482466418,0.5978260869565217
2,2,pearson_mlp_seed2202,15,0.3348077393289822,0.6024844720496895
2,2,pearson_mlp_seed2202,16,0.325213136068031,0.6071428571428571
2,2,pearson_mlp_seed2202,17,0.326038444145995,0.5931677018633541
2,2,pearson_mlp_seed2202,18,0.3077675419215539,0.59472049689441
2,2,pearson_mlp_seed2202,19,0.3779116670290629,0.5962732919254659
2,2,pearson_mlp_seed2202,20,0.2683367128692456,0.5900621118012422
2,2,pearson_mlp_seed2202,21,0.2500603861773192,0.5978260869565217
2,2,pearson_mlp_seed2202,22,0.18909194976536195,0.6226708074534161
2,2,pearson_mlp_seed2202,23,0.18135902745213675,0.6257763975155279
2,2,pearson_mlp_seed3202,1,0.7192223614721156,0.5807453416149069
2,2,pearson_mlp_seed3202,2,0.6225683371819074,0.5776397515527951
2,2,pearson_mlp_seed3202,3,0.6411925183599861,0.5776397515527951
2,2,pearson_mlp_seed3202,4,0.6078513641262528,0.5760869565217391
2,2,pearson_mlp_seed3202,5,0.5949185288960661,0.5776397515527951
2,2,pearson_mlp_seed3202,6,0.5749354445519139,0.5885093167701864
2,2,pearson_mlp_seed3202,7,0.5693575692414051,0.5807453416149069
2,2,pearson_mlp_seed3202,8,0.5375495097826962,0.5776397515527951
2,2,pearson_mlp_seed3202,9,0.5112092640269456,0.5869565217391305
2,2,pearson_mlp_seed3202,10,0.535636876352984,0.5822981366459627
2,2,pearson_mlp_seed3202,11,0.44570979060818305,0.5869565217391305
2,2,pearson_mlp_seed3202,12,0.41013588967607983,0.577639751552795
2,2,pearson_mlp_seed3202,13,0.4069125941440241,0.5931677018633541
2,2,pearson_mlp_seed3202,14,0.3975020599602467,0.5916149068322981
2,2,pearson_mlp_seed3202,15,0.3636930699075632,0.6164596273291926
2,2,pearson_mlp_seed3202,16,0.36948955815229845,0.6040372670807453
2,2,pearson_mlp_seed3202,17,0.3200650725198622,0.593167701863354
2,2,pearson_mlp_seed3202,18,0.28880730894074513,0.5869565217391305
2,2,pearson_mlp_seed3202,19,0.23501771162101878,0.6086956521739131
2,2,pearson_mlp_seed3202,20,0.2219876643288788,0.6133540372670808
2,2,pearson_mlp_seed3202,21,0.24803428611352077,0.6071428571428571
2,2,pearson_mlp_seed3202,22,0.26199852678906266,0.6040372670807453
2,2,pearson_mlp_seed3202,23,0.18945118169582897,0.593167701863354
2,2,pearson_mlp_seed3202,24,0.1818529821153897,0.5993788819875777
2,2,pearson_mlp_seed3202,25,0.16665516812261658,0.6055900621118012
2,2,pearson_mlp_seed3202,26,0.18698915083016923,0.6071428571428571
2,2,pearson_mlp_seed3202,27,0.20160396486075957,0.6118012422360248
2,2,tangent_mlp_seed1202,1,0.6901899161030404,0.6164596273291926
2,2,tangent_mlp_seed1202,2,0.4062366381806521,0.5962732919254659
2,2,tangent_mlp_seed1202,3,0.1750645987430022,0.5838509316770186
2,2,tangent_mlp_seed1202,4,0.0818433713408845,0.5667701863354037
2,2,tangent_mlp_seed1202,5,0.03302585216822909,0.5683229813664596
2,2,tangent_mlp_seed1202,6,0.01851248942704788,0.5698757763975155
2,2,tangent_mlp_seed1202,7,0.014815320182054196,0.5714285714285714
2,2,tangent_mlp_seed1202,8,0.00696043365065064,0.5729813664596273
2,2,tangent_mlp_seed1202,9,0.007346348174435286,0.5745341614906831
2,2,tangent_mlp_seed1202,10,0.0072472658777489,0.5791925465838509
2,2,tangent_mlp_seed1202,11,0.003883618847536507,0.5822981366459627
2,2,tangent_mlp_seed1202,12,0.006085320883222035,0.579192546583851
2,2,tangent_mlp_seed1202,13,0.0017948033043706966,0.5807453416149069
2,2,tangent_mlp_seed2202,1,0.6419550809101086,0.5745341614906833
2,2,tangent_mlp_seed2202,2,0.257592206274099,0.576086956521739
2,2,tangent_mlp_seed2202,3,0.09436145339587435,0.5838509316770186
2,2,tangent_mlp_seed2202,4,0.03958567394527482,0.5916149068322981
2,2,tangent_mlp_seed2202,5,0.02473504715297946,0.5854037267080745
2,2,tangent_mlp_seed2202,6,0.01919691677469371,0.593167701863354
2,2,tangent_mlp_seed2202,7,0.012797623108238426,0.59472049689441
2,2,tangent_mlp_seed2202,8,0.006781734702228314,0.593167701863354
2,2,tangent_mlp_seed2202,9,0.006894837251739271,0.5916149068322981
2,2,tangent_mlp_seed2202,10,0.005443168558476872,0.5885093167701864
2,2,tangent_mlp_seed2202,11,0.00507226492051239,0.5838509316770186
2,2,tangent_mlp_seed2202,12,0.0033188123109435374,0.5838509316770186
2,2,tangent_mlp_seed2202,13,0.002143725314752699,0.5869565217391304
2,2,tangent_mlp_seed2202,14,0.0033318080489908287,0.5854037267080745
2,2,tangent_mlp_seed2202,15,0.0022573892782391304,0.5854037267080745
2,2,tangent_mlp_seed2202,16,0.0014242881246430068,0.5869565217391304
2,2,tangent_mlp_seed2202,17,0.0040871394492352185,0.5838509316770186
2,2,tangent_mlp_seed2202,18,0.0025097061474506385,0.5822981366459627
2,2,tangent_mlp_seed2202,19,0.0014537044225112344,0.5807453416149069
2,2,tangent_mlp_seed3202,1,0.6857232172690814,0.6288819875776398
2,2,tangent_mlp_seed3202,2,0.3883746498408009,0.6288819875776397
2,2,tangent_mlp_seed3202,3,0.15710420817581575,0.6164596273291925
2,2,tangent_mlp_seed3202,4,0.05308329302873185,0.6009316770186335
2,2,tangent_mlp_seed3202,5,0.025661216969995654,0.5962732919254659
2,2,tangent_mlp_seed3202,6,0.014558956518176184,0.59472049689441
2,2,tangent_mlp_seed3202,7,0.008404847401291576,0.5931677018633541
2,2,tangent_mlp_seed3202,8,0.007379721025403459,0.5869565217391304
2,2,tangent_mlp_seed3202,9,0.00625152583929029,0.5900621118012422
2,2,tangent_mlp_seed3202,10,0.006593088852241635,0.5900621118012424
2,2,tangent_mlp_seed3202,11,0.0045508399723903905,0.5885093167701864
2,2,tangent_mlp_seed3202,12,0.004179735035538229,0.5885093167701864
2,2,tangent_mlp_seed3202,13,0.002324162630262363,0.5885093167701865
2,3,pearson_mlp_seed1203,1,0.7191596769574863,0.5559006211180124
2,3,pearson_mlp_seed1203,2,0.6806204734156974,0.56055900621118
2,3,pearson_mlp_seed1203,3,0.6883477619038293,0.5543478260869565
2,3,pearson_mlp_seed1203,4,0.6389539289237255,0.548136645962733
2,3,pearson_mlp_seed1203,5,0.6396293643102124,0.531055900621118
2,3,pearson_mlp_seed1203,6,0.639341268373366,0.5341614906832299
2,3,pearson_mlp_seed1203,7,0.5619261058705363,0.5279503105590062
2,3,pearson_mlp_seed1203,8,0.5537234236351887,0.5201863354037268
2,3,pearson_mlp_seed1203,9,0.540205751782033,0.5031055900621119
2,3,pearson_mlp_seed1203,10,0.4804780764959345,0.515527950310559
2,3,pearson_mlp_seed1203,11,0.48150347284416656,0.5124223602484472
2,3,pearson_mlp_seed1203,12,0.45254060551894837,0.47204968944099374
2,3,pearson_mlp_seed1203,13,0.4128050412704696,0.49223602484472045
2,3,pearson_mlp_seed1203,14,0.36330808943776943,0.4953416149068323
2,3,pearson_mlp_seed2203,1,0.7402227173990278,0.5729813664596274
2,3,pearson_mlp_seed2203,2,0.7209570563551205,0.5683229813664596
2,3,pearson_mlp_seed2203,3,0.6767938172639306,0.5652173913043479
2,3,pearson_mlp_seed2203,4,0.6813803466398325,0.5698757763975155
2,3,pearson_mlp_seed2203,5,0.6455158182044527,0.5683229813664596
2,3,pearson_mlp_seed2203,6,0.6313755790985639,0.5714285714285714
2,3,pearson_mlp_seed2203,7,0.5824864444447987,0.5559006211180124
2,3,pearson_mlp_seed2203,8,0.5861133612803558,0.5419254658385093
2,3,pearson_mlp_seed2203,9,0.530360913098748,0.5481366459627329
2,3,pearson_mlp_seed2203,10,0.5292128801938907,0.5512422360248448
2,3,pearson_mlp_seed2203,11,0.5124812264051011,0.5295031055900621
2,3,pearson_mlp_seed2203,12,0.49809697818993337,0.5170807453416149
2,3,pearson_mlp_seed2203,13,0.478530500065628,0.5201863354037267
2,3,pearson_mlp_seed3203,1,0.7421553493732244,0.5559006211180124
2,3,pearson_mlp_seed3203,2,0.7132618534031199,0.5527950310559007
2,3,pearson_mlp_seed3203,3,0.6809248197731094,0.5512422360248447
2,3,pearson_mlp_seed3203,4,0.6668345854057008,0.5357142857142857
2,3,pearson_mlp_seed3203,5,0.6715211168450502,0.5201863354037267
2,3,pearson_mlp_seed3203,6,0.6412410291273203,0.5124223602484472
2,3,pearson_mlp_seed3203,7,0.6237606136359979,0.5186335403726708
2,3,pearson_mlp_seed3203,8,0.6062070473806181,0.5248447204968945
2,3,pearson_mlp_seed3203,9,0.5532678952857629,0.5217391304347827
2,3,pearson_mlp_seed3203,10,0.5754600597258231,0.5186335403726707
2,3,pearson_mlp_seed3203,11,0.5327207164384833,0.5015527950310559
2,3,pearson_mlp_seed3203,12,0.5036390494944444,0.484472049689441
2,3,pearson_mlp_seed3203,13,0.49313428479047555,0.48447204968944096
2,3,tangent_mlp_seed1203,1,0.62776116248387,0.6692546583850931
2,3,tangent_mlp_seed1203,2,0.293550152387192,0.6583850931677019
2,3,tangent_mlp_seed1203,3,0.10336315205589455,0.6521739130434783
2,3,tangent_mlp_seed1203,4,0.04536233031519907,0.6428571428571428
2,3,tangent_mlp_seed1203,5,0.02304352215718274,0.6444099378881988
2,3,tangent_mlp_seed1203,6,0.01781652964864723,0.6444099378881988
2,3,tangent_mlp_seed1203,7,0.010815701943205957,0.6381987577639752
2,3,tangent_mlp_seed1203,8,0.011112610596366486,0.6350931677018633
2,3,tangent_mlp_seed1203,9,0.006714987777062317,0.6335403726708074
2,3,tangent_mlp_seed1203,10,0.004745785531527664,0.6319875776397516
2,3,tangent_mlp_seed1203,11,0.0029918880350146425,0.6319875776397516
2,3,tangent_mlp_seed1203,12,0.002771701448277306,0.6273291925465838
2,3,tangent_mlp_seed1203,13,0.0031318334892707234,0.6257763975155279
2,3,tangent_mlp_seed2203,1,0.6622193761132843,0.6335403726708074
2,3,tangent_mlp_seed2203,2,0.3309995706994735,0.6242236024844721
2,3,tangent_mlp_seed2203,3,0.13724914941918198,0.624223602484472
2,3,tangent_mlp_seed2203,4,0.06460610031154915,0.6242236024844721
2,3,tangent_mlp_seed2203,5,0.03105457601559103,0.6195652173913044
2,3,tangent_mlp_seed2203,6,0.021978321716893668,0.6164596273291925
2,3,tangent_mlp_seed2203,7,0.011731074559409634,0.6149068322981366
2,3,tangent_mlp_seed2203,8,0.005791572705652583,0.6149068322981366
2,3,tangent_mlp_seed2203,9,0.006423298334957689,0.6133540372670807
2,3,tangent_mlp_seed2203,10,0.006348061349075832,0.6118012422360248
2,3,tangent_mlp_seed2203,11,0.005811160624916874,0.6055900621118012
2,3,tangent_mlp_seed2203,12,0.004311278045399865,0.6024844720496895
2,3,tangent_mlp_seed2203,13,0.0023650909135169095,0.6040372670807453
2,3,tangent_mlp_seed3203,1,0.6949425651066339,0.6149068322981367
2,3,tangent_mlp_seed3203,2,0.4388624918994619,0.6304347826086957
2,3,tangent_mlp_seed3203,3,0.20130185434474282,0.6335403726708074
2,3,tangent_mlp_seed3203,4,0.07895318016558145,0.6288819875776398
2,3,tangent_mlp_seed3203,5,0.03609641126139247,0.6257763975155279
2,3,tangent_mlp_seed3203,6,0.015306777054379087,0.6211180124223603
2,3,tangent_mlp_seed3203,7,0.015444625210739783,0.6257763975155279
2,3,tangent_mlp_seed3203,8,0.008867555729979973,0.6226708074534162
2,3,tangent_mlp_seed3203,9,0.006240929705113988,0.6211180124223602
2,3,tangent_mlp_seed3203,10,0.004664239492174701,0.6211180124223602
2,3,tangent_mlp_seed3203,11,0.00635379653386957,0.6211180124223603
2,3,tangent_mlp_seed3203,12,0.003140245806958656,0.6195652173913044
2,3,tangent_mlp_seed3203,13,0.0038468559104335304,0.6149068322981367
2,3,tangent_mlp_seed3203,14,0.0038002910768956096,0.6118012422360248
2,3,tangent_mlp_seed3203,15,0.0020848559964255927,0.610248447204969
3,1,pearson_mlp_seed1201,1,0.779539934141719,0.7742946708463949
3,1,pearson_mlp_seed1201,2,0.7562225778304522,0.7915360501567398
3,1,pearson_mlp_seed1201,3,0.6947110221160585,0.8025078369905956
3,1,pearson_mlp_seed1201,4,0.7549497004765183,0.7962382445141066
3,1,pearson_mlp_seed1201,5,0.6890092038396579,0.7993730407523512
3,1,pearson_mlp_seed1201,6,0.6388030419895305,0.7978056426332287
3,1,pearson_mlp_seed1201,7,0.5674750443121687,0.8040752351097179
3,1,pearson_mlp_seed1201,8,0.5617203395165021,0.7931034482758621
3,1,pearson_mlp_seed1201,9,0.5012356437260832,0.7993730407523512
3,1,pearson_mlp_seed1201,10,0.4729854215436907,0.7727272727272727
3,1,pearson_mlp_seed1201,11,0.4313396756625294,0.6614420062695925
3,1,pearson_mlp_seed1201,12,0.4544096218412788,0.780564263322884
3,1,pearson_mlp_seed1201,13,0.3663961248314796,0.7021943573667713
3,1,pearson_mlp_seed1201,14,0.3713444383879799,0.6504702194357368
3,1,pearson_mlp_seed1201,15,0.30611542764291244,0.7021943573667712
3,1,pearson_mlp_seed1201,16,0.2463668273456061,0.6567398119122257
3,1,pearson_mlp_seed1201,17,0.20780208247217966,0.6739811912225705
3,1,pearson_mlp_seed1201,18,0.17161134233818717,0.7695924764890283
3,1,pearson_mlp_seed1201,19,0.25477786265795505,0.6692789968652038
3,1,pearson_mlp_seed2201,1,0.7523802406159207,0.7727272727272727
3,1,pearson_mlp_seed2201,2,0.6784257005103191,0.7884012539184952
3,1,pearson_mlp_seed2201,3,0.6900694628260029,0.8087774294670846
3,1,pearson_mlp_seed2201,4,0.6627449651262654,0.8119122257053292
3,1,pearson_mlp_seed2201,5,0.6158381266083883,0.8009404388714734
3,1,pearson_mlp_seed2201,6,0.6154952898843965,0.7053291536050157
3,1,pearson_mlp_seed2201,7,0.5531952117212969,0.7931034482758621
3,1,pearson_mlp_seed2201,8,0.5471208596704018,0.755485893416928
3,1,pearson_mlp_seed2201,9,0.4917492658937748,0.761755485893417
3,1,pearson_mlp_seed2201,10,0.48835233876954265,0.7633228840125392
3,1,pearson_mlp_seed2201,11,0.40943173700897256,0.7460815047021944
3,1,pearson_mlp_seed2201,12,0.3812189277131759,0.7037617554858934
3,1,pearson_mlp_seed2201,13,0.3265715226234488,0.755485893416928
3,1,pearson_mlp_seed2201,14,0.293286437715464,0.7037617554858934
3,1,pearson_mlp_seed2201,15,0.2672099669774373,0.6755485893416928
3,1,pearson_mlp_seed2201,16,0.22265985482071168,0.7115987460815048
3,1,pearson_mlp_seed3201,1,0.7547631091739407,0.780564263322884
3,1,pearson_mlp_seed3201,2,0.7034435844540003,0.7805642633228841
3,1,pearson_mlp_seed3201,3,0.6754120131630209,0.7821316614420062
3,1,pearson_mlp_seed3201,4,0.6735915698815341,0.7884012539184952
3,1,pearson_mlp_seed3201,5,0.636403968678185,0.7962382445141065
3,1,pearson_mlp_seed3201,6,0.6057107202449248,0.7993730407523512
3,1,pearson_mlp_seed3201,7,0.5598438441456847,0.7978056426332288
3,1,pearson_mlp_seed3201,8,0.539518371001998,0.7915360501567399
3,1,pearson_mlp_seed3201,9,0.46193303901757765,0.7711598746081505
3,1,pearson_mlp_seed3201,10,0.4670062572208803,0.7429467084639498
3,1,pearson_mlp_seed3201,11,0.4022822313344301,0.7351097178683386
3,1,pearson_mlp_seed3201,12,0.3702657299848338,0.7648902821316614
3,1,pearson_mlp_seed3201,13,0.35391166405891306,0.7664576802507836
3,1,pearson_mlp_seed3201,14,0.3465021212599171,0.7429467084639498
3,1,pearson_mlp_seed3201,15,0.26389248483809663,0.755485893416928
3,1,pearson_mlp_seed3201,16,0.25731983914304135,0.744514106583072
3,1,pearson_mlp_seed3201,17,0.24369960771271246,0.7586206896551724
3,1,pearson_mlp_seed3201,18,0.16246535336200277,0.6551724137931034
3,1,tangent_mlp_seed1201,1,0.6459122137050723,0.7351097178683386
3,1,tangent_mlp_seed1201,2,0.30395892195737184,0.713166144200627
3,1,tangent_mlp_seed1201,3,0.09700625063619804,0.7053291536050157
3,1,tangent_mlp_seed1201,4,0.04258060798197243,0.6990595611285267
3,1,tangent_mlp_seed1201,5,0.019572765860632432,0.6943573667711599
3,1,tangent_mlp_seed1201,6,0.010591753677404787,0.6990595611285266
3,1,tangent_mlp_seed1201,7,0.009017907282272678,0.6990595611285266
3,1,tangent_mlp_seed1201,8,0.008722522993345017,0.6974921630094044
3,1,tangent_mlp_seed1201,9,0.0040258945389280085,0.6974921630094044
3,1,tangent_mlp_seed1201,10,0.005911906847535674,0.6959247648902821
3,1,tangent_mlp_seed1201,11,0.0016920074695415462,0.6959247648902821
3,1,tangent_mlp_seed1201,12,0.0032146990157904762,0.6959247648902821
3,1,tangent_mlp_seed1201,13,0.004986934118269391,0.6912225705329154
3,1,tangent_mlp_seed2201,1,0.6559027753659149,0.5642633228840126
3,1,tangent_mlp_seed2201,2,0.35932505456962394,0.6300940438871473
3,1,tangent_mlp_seed2201,3,0.17052862329862603,0.634796238244514
3,1,tangent_mlp_seed2201,4,0.07972876810983046,0.6332288401253918
3,1,tangent_mlp_seed2201,5,0.03469653935426503,0.6379310344827587
3,1,tangent_mlp_seed2201,6,0.022643250399338666,0.6347962382445141
3,1,tangent_mlp_seed2201,7,0.013178446158692611,0.6363636363636365
3,1,tangent_mlp_seed2201,8,0.011005478294853547,0.6332288401253918
3,1,tangent_mlp_seed2201,9,0.010551758091989442,0.6316614420062696
3,1,tangent_mlp_seed2201,10,0.0053730623643678515,0.6316614420062696
3,1,tangent_mlp_seed2201,11,0.004753079011674915,0.634796238244514
3,1,tangent_mlp_seed2201,12,0.0034246258582428693,0.6300940438871474
3,1,tangent_mlp_seed2201,13,0.003127116391398198,0.6300940438871474
3,1,tangent_mlp_seed2201,14,0.0018486082275856787,0.628526645768025
3,1,tangent_mlp_seed2201,15,0.0013498722260530613,0.6300940438871474
3,1,tangent_mlp_seed2201,16,0.002165583027202395,0.6316614420062696
3,1,tangent_mlp_seed2201,17,0.004194734767496364,0.6300940438871474
3,1,tangent_mlp_seed3201,1,0.6636565601944331,0.7523510971786834
3,1,tangent_mlp_seed3201,2,0.33443061295729964,0.7272727272727273
3,1,tangent_mlp_seed3201,3,0.13723333698896625,0.7147335423197492
3,1,tangent_mlp_seed3201,4,0.07308048150729184,0.7037617554858934
3,1,tangent_mlp_seed3201,5,0.0312864269078964,0.7037617554858934
3,1,tangent_mlp_seed3201,6,0.013983759178840253,0.7006269592476488
3,1,tangent_mlp_seed3201,7,0.014431031455577755,0.700626959247649
3,1,tangent_mlp_seed3201,8,0.009325330604368182,0.6974921630094044
3,1,tangent_mlp_seed3201,9,0.007845707107984011,0.6974921630094044
3,1,tangent_mlp_seed3201,10,0.006727630607274116,0.6974921630094044
3,1,tangent_mlp_seed3201,11,0.006305161895999565,0.6974921630094044
3,1,tangent_mlp_seed3201,12,0.0031784040985434357,0.6943573667711599
3,1,tangent_mlp_seed3201,13,0.004469325768863272,0.6927899686520377
3,2,pearson_mlp_seed1202,1,0.7506959877203946,0.5869565217391305
3,2,pearson_mlp_seed1202,2,0.6900794443799488,0.6009316770186335
3,2,pearson_mlp_seed1202,3,0.6666211987016213,0.5978260869565217
3,2,pearson_mlp_seed1202,4,0.692361271796535,0.5900621118012422
3,2,pearson_mlp_seed1202,5,0.6174687212379417,0.5978260869565217
3,2,pearson_mlp_seed1202,6,0.5454608430316792,0.6009316770186335
3,2,pearson_mlp_seed1202,7,0.5537341827183814,0.6024844720496894
3,2,pearson_mlp_seed1202,8,0.5330071375144655,0.6071428571428571
3,2,pearson_mlp_seed1202,9,0.4779189270527209,0.6009316770186336
3,2,pearson_mlp_seed1202,10,0.4749144297927173,0.5993788819875776
3,2,pearson_mlp_seed1202,11,0.3741857789049101,0.6055900621118012
3,2,pearson_mlp_seed1202,12,0.4246012602575976,0.6288819875776398
3,2,pearson_mlp_seed1202,13,0.359563215158472,0.6118012422360248
3,2,pearson_mlp_seed1202,14,0.3332361964444023,0.6428571428571429
3,2,pearson_mlp_seed1202,15,0.34196945809902835,0.6180124223602484
3,2,pearson_mlp_seed1202,16,0.3321818549982944,0.6413043478260869
3,2,pearson_mlp_seed1202,17,0.277871593036017,0.6086956521739131
3,2,pearson_mlp_seed1202,18,0.2655644424222595,0.6226708074534162
3,2,pearson_mlp_seed1202,19,0.20152312027874278,0.6195652173913043
3,2,pearson_mlp_seed1202,20,0.19006083193999618,0.6273291925465838
3,2,pearson_mlp_seed1202,21,0.2000163830631408,0.610248447204969
3,2,pearson_mlp_seed1202,22,0.17281944567884377,0.6304347826086957
3,2,pearson_mlp_seed1202,23,0.19662185791713088,0.6288819875776398
3,2,pearson_mlp_seed1202,24,0.19558804737987803,0.6381987577639752
3,2,pearson_mlp_seed1202,25,0.17021938064019776,0.6381987577639752
3,2,pearson_mlp_seed1202,26,0.11914983217544224,0.6242236024844721
3,2,pearson_mlp_seed2202,1,0.7356879776390037,0.6024844720496895
3,2,pearson_mlp_seed2202,2,0.6877423803604658,0.5931677018633541
3,2,pearson_mlp_seed2202,3,0.6557784202086985,0.5869565217391304
3,2,pearson_mlp_seed2202,4,0.6139783595331866,0.610248447204969
3,2,pearson_mlp_seed2202,5,0.5481255677208972,0.6195652173913044
3,2,pearson_mlp_seed2202,6,0.5574180640984531,0.6288819875776398
3,2,pearson_mlp_seed2202,7,0.48436316966417414,0.6350931677018634
3,2,pearson_mlp_seed2202,8,0.5092259823386349,0.6211180124223603
3,2,pearson_mlp_seed2202,9,0.4297621192327186,0.6304347826086956
3,2,pearson_mlp_seed2202,10,0.41405823189227736,0.610248447204969
3,2,pearson_mlp_seed2202,11,0.35933698098457867,0.6149068322981366
3,2,pearson_mlp_seed2202,12,0.34663711910817163,0.610248447204969
3,2,pearson_mlp_seed2202,13,0.31253744980589077,0.6273291925465838
3,2,pearson_mlp_seed2202,14,0.258067842443191,0.6055900621118012
3,2,pearson_mlp_seed2202,15,0.26993568174874605,0.6397515527950309
3,2,pearson_mlp_seed2202,16,0.21721249240547863,0.6055900621118013
3,2,pearson_mlp_seed2202,17,0.24133814404259868,0.59472049689441
3,2,pearson_mlp_seed2202,18,0.1989310987998004,0.6350931677018633
3,2,pearson_mlp_seed2202,19,0.1312237164348512,0.5822981366459627
3,2,pearson_mlp_seed2202,20,0.1388329521785328,0.6133540372670807
3,2,pearson_mlp_seed2202,21,0.1839552266263769,0.6071428571428572
3,2,pearson_mlp_seed2202,22,0.1383024978993544,0.5822981366459627
3,2,pearson_mlp_seed2202,23,0.08987922773728917,0.610248447204969
3,2,pearson_mlp_seed2202,24,0.13702811185845096,0.6180124223602484
3,2,pearson_mlp_seed2202,25,0.10070056627638897,0.6242236024844721
3,2,pearson_mlp_seed2202,26,0.07143075675680417,0.610248447204969
3,2,pearson_mlp_seed2202,27,0.10020399631107625,0.6180124223602484
3,2,pearson_mlp_seed3202,1,0.714687293738275,0.6071428571428572
3,2,pearson_mlp_seed3202,2,0.7255414166853795,0.6024844720496895
3,2,pearson_mlp_seed3202,3,0.730551931098919,0.6024844720496895
3,2,pearson_mlp_seed3202,4,0.6634061532234078,0.5900621118012422
3,2,pearson_mlp_seed3202,5,0.6321775859861232,0.5931677018633541
3,2,pearson_mlp_seed3202,6,0.6302232703759303,0.5900621118012422
3,2,pearson_mlp_seed3202,7,0.5700634545947781,0.610248447204969
3,2,pearson_mlp_seed3202,8,0.5514092353445974,0.5916149068322982
3,2,pearson_mlp_seed3202,9,0.5480348555306297,0.6180124223602484
3,2,pearson_mlp_seed3202,10,0.5033001104990641,0.6086956521739131
3,2,pearson_mlp_seed3202,11,0.4624265435323193,0.6257763975155279
3,2,pearson_mlp_seed3202,12,0.424854684083616,0.610248447204969
3,2,pearson_mlp_seed3202,13,0.3868504283736594,0.6273291925465838
3,2,pearson_mlp_seed3202,14,0.29957063525766875,0.6211180124223603
3,2,pearson_mlp_seed3202,15,0.33764492160645293,0.6288819875776398
3,2,pearson_mlp_seed3202,16,0.29123701347937037,0.6211180124223602
3,2,pearson_mlp_seed3202,17,0.23500545243199786,0.6055900621118013
3,2,pearson_mlp_seed3202,18,0.24836883660572678,0.5900621118012422
3,2,pearson_mlp_seed3202,19,0.24181726211635626,0.6211180124223602
3,2,pearson_mlp_seed3202,20,0.21145174048136717,0.6381987577639752
3,2,pearson_mlp_seed3202,21,0.1535389347011177,0.5962732919254659
3,2,pearson_mlp_seed3202,22,0.16210475356424625,0.6242236024844721
3,2,pearson_mlp_seed3202,23,0.13803210365238475,0.59472049689441
3,2,pearson_mlp_seed3202,24,0.1194834006366445,0.608695652173913
3,2,pearson_mlp_seed3202,25,0.12688001426891307,0.6071428571428571
3,2,pearson_mlp_seed3202,26,0.1309251185525116,0.6086956521739131
3,2,pearson_mlp_seed3202,27,0.09947033634233238,0.5885093167701863
3,2,pearson_mlp_seed3202,28,0.08926890204794964,0.5962732919254659
3,2,pearson_mlp_seed3202,29,0.1073107179717638,0.5869565217391304
3,2,pearson_mlp_seed3202,30,0.09258678533248048,0.6288819875776398
3,2,pearson_mlp_seed3202,31,0.07371541683501866,0.6055900621118012
3,2,pearson_mlp_seed3202,32,0.0800741052634977,0.5885093167701863
3,2,tangent_mlp_seed1202,1,0.6736829182994899,0.5403726708074534
3,2,tangent_mlp_seed1202,2,0.3761796371557226,0.563664596273292
3,2,tangent_mlp_seed1202,3,0.15866548575423844,0.5652173913043478
3,2,tangent_mlp_seed1202,4,0.06308328013737403,0.56055900621118
3,2,tangent_mlp_seed1202,5,0.026933911149922888,0.5527950310559006
3,2,tangent_mlp_seed1202,6,0.015820891308524085,0.5574534161490683
3,2,tangent_mlp_seed1202,7,0.018603470065255662,0.5652173913043479
3,2,tangent_mlp_seed1202,8,0.007298421728614699,0.5683229813664598
3,2,tangent_mlp_seed1202,9,0.006467107488815464,0.5683229813664596
3,2,tangent_mlp_seed1202,10,0.009470642650898416,0.5698757763975156
3,2,tangent_mlp_seed1202,11,0.009099451486781165,0.5714285714285715
3,2,tangent_mlp_seed1202,12,0.006773698466843856,0.5729813664596274
3,2,tangent_mlp_seed1202,13,0.002194288556173847,0.5729813664596274
3,2,tangent_mlp_seed1202,14,0.003954314902443346,0.5729813664596274
3,2,tangent_mlp_seed1202,15,0.008576484968705075,0.5698757763975156
3,2,tangent_mlp_seed1202,16,0.008122348027368683,0.5745341614906833
3,2,tangent_mlp_seed1202,17,0.0029363041411765585,0.5745341614906833
3,2,tangent_mlp_seed1202,18,0.0018509274999615713,0.5760869565217391
3,2,tangent_mlp_seed1202,19,0.0021430345367123627,0.5760869565217391
3,2,tangent_mlp_seed1202,20,0.0015097504466614542,0.5760869565217391
3,2,tangent_mlp_seed1202,21,0.0015384468675095273,0.5760869565217391
3,2,tangent_mlp_seed1202,22,0.0015825006253067497,0.5745341614906833
3,2,tangent_mlp_seed1202,23,0.009079390762614744,0.5745341614906833
3,2,tangent_mlp_seed1202,24,0.005008187762401368,0.5729813664596274
3,2,tangent_mlp_seed1202,25,0.0008479589859917945,0.5729813664596274
3,2,tangent_mlp_seed1202,26,0.0044385875888436396,0.5714285714285714
3,2,tangent_mlp_seed1202,27,0.0012402066739973386,0.5714285714285714
3,2,tangent_mlp_seed1202,28,0.0008687289600811936,0.5698757763975155
3,2,tangent_mlp_seed1202,29,0.0013013841304580556,0.5698757763975155
3,2,tangent_mlp_seed1202,30,0.004106309502308092,0.5698757763975155
3,2,tangent_mlp_seed2202,1,0.6089010238647461,0.5295031055900621
3,2,tangent_mlp_seed2202,2,0.2412938583846116,0.5403726708074534
3,2,tangent_mlp_seed2202,3,0.09168239163966914,0.5450310559006211
3,2,tangent_mlp_seed2202,4,0.039656375697003074,0.5527950310559007
3,2,tangent_mlp_seed2202,5,0.018589948063058342,0.5605590062111802
3,2,tangent_mlp_seed2202,6,0.009900956131999766,0.5605590062111802
3,2,tangent_mlp_seed2202,7,0.011804099912889561,0.5574534161490683
3,2,tangent_mlp_seed2202,8,0.005521466883724157,0.5605590062111802
3,2,tangent_mlp_seed2202,9,0.007401973237306695,0.5605590062111802
3,2,tangent_mlp_seed2202,10,0.007390089374758414,0.5605590062111802
3,2,tangent_mlp_seed2202,11,0.005360056261592244,0.5590062111801242
3,2,tangent_mlp_seed2202,12,0.0022685107640662595,0.5590062111801242
3,2,tangent_mlp_seed2202,13,0.001762013957692097,0.5590062111801242
3,2,tangent_mlp_seed2202,14,0.003822770215274386,0.5574534161490683
3,2,tangent_mlp_seed2202,15,0.0031378330171701325,0.5574534161490683
3,2,tangent_mlp_seed2202,16,0.001189747025126786,0.5574534161490683
3,2,tangent_mlp_seed2202,17,0.004258837457051251,0.5574534161490683
3,2,tangent_mlp_seed3202,1,0.6707258331241892,0.5807453416149069
3,2,tangent_mlp_seed3202,2,0.37414270194608773,0.577639751552795
3,2,tangent_mlp_seed3202,3,0.14730873214664744,0.5822981366459627
3,2,tangent_mlp_seed3202,4,0.05172923841138384,0.577639751552795
3,2,tangent_mlp_seed3202,5,0.024435795389523552,0.5714285714285714
3,2,tangent_mlp_seed3202,6,0.014066893261027945,0.5729813664596273
3,2,tangent_mlp_seed3202,7,0.010895465660506665,0.5745341614906831
3,2,tangent_mlp_seed3202,8,0.009719770920662145,0.5760869565217391
3,2,tangent_mlp_seed3202,9,0.008119492698924162,0.579192546583851
3,2,tangent_mlp_seed3202,10,0.0055472695127370495,0.5760869565217391
3,2,tangent_mlp_seed3202,11,0.0046271850929516765,0.5745341614906833
3,2,tangent_mlp_seed3202,12,0.004709525098699836,0.5745341614906833
3,2,tangent_mlp_seed3202,13,0.0018018596123357243,0.5760869565217391
3,2,tangent_mlp_seed3202,14,0.003259162324427428,0.577639751552795
3,2,tangent_mlp_seed3202,15,0.0018983340986647565,0.577639751552795
3,3,pearson_mlp_seed1203,1,0.7360804460535002,0.5822981366459627
3,3,pearson_mlp_seed1203,2,0.7258890979918674,0.5962732919254659
3,3,pearson_mlp_seed1203,3,0.7042396178292991,0.6009316770186335
3,3,pearson_mlp_seed1203,4,0.666779491142254,0.5916149068322982
3,3,pearson_mlp_seed1203,5,0.6423920719184686,0.5900621118012422
3,3,pearson_mlp_seed1203,6,0.6383645688716452,0.5869565217391304
3,3,pearson_mlp_seed1203,7,0.6178433803183523,0.6024844720496896
3,3,pearson_mlp_seed1203,8,0.6093196237265174,0.5978260869565217
3,3,pearson_mlp_seed1203,9,0.5726577841227327,0.6040372670807453
3,3,pearson_mlp_seed1203,10,0.5464761037731645,0.6164596273291925
3,3,pearson_mlp_seed1203,11,0.5248659144883132,0.6133540372670807
3,3,pearson_mlp_seed1203,12,0.5135967150256409,0.6195652173913043
3,3,pearson_mlp_seed1203,13,0.45981604913573954,0.6211180124223602
3,3,pearson_mlp_seed1203,14,0.40643436806415445,0.6040372670807453
3,3,pearson_mlp_seed1203,15,0.39971750692941654,0.6428571428571428
3,3,pearson_mlp_seed1203,16,0.39469686847421065,0.6180124223602484
3,3,pearson_mlp_seed1203,17,0.3826203091227593,0.6428571428571428
3,3,pearson_mlp_seed1203,18,0.34162400714793606,0.6086956521739131
3,3,pearson_mlp_seed1203,19,0.35537038054039227,0.6366459627329193
3,3,pearson_mlp_seed1203,20,0.2796239572674481,0.6118012422360248
3,3,pearson_mlp_seed1203,21,0.31227799612491286,0.6118012422360248
3,3,pearson_mlp_seed1203,22,0.27410630992989043,0.6180124223602484
3,3,pearson_mlp_seed1203,23,0.22683354678438672,0.6040372670807453
3,3,pearson_mlp_seed1203,24,0.26736393259532415,0.6195652173913044
3,3,pearson_mlp_seed1203,25,0.2553253727617548,0.6086956521739131
3,3,pearson_mlp_seed1203,26,0.26418359851955775,0.6009316770186336
3,3,pearson_mlp_seed1203,27,0.19301483179651088,0.6086956521739131
3,3,pearson_mlp_seed2203,1,0.7477605351761206,0.6040372670807455
3,3,pearson_mlp_seed2203,2,0.6881204223751429,0.6149068322981366
3,3,pearson_mlp_seed2203,3,0.6679098164264242,0.6164596273291926
3,3,pearson_mlp_seed2203,4,0.6904080501243249,0.6133540372670807
3,3,pearson_mlp_seed2203,5,0.6425408267263156,0.6024844720496895
3,3,pearson_mlp_seed2203,6,0.6517728791011507,0.5993788819875776
3,3,pearson_mlp_seed2203,7,0.6287517405267972,0.59472049689441
3,3,pearson_mlp_seed2203,8,0.5977663246553335,0.5916149068322981
3,3,pearson_mlp_seed2203,9,0.5709994794124394,0.5822981366459627
3,3,pearson_mlp_seed2203,10,0.5643844358363554,0.5978260869565218
3,3,pearson_mlp_seed2203,11,0.5403261668053433,0.6288819875776397
3,3,pearson_mlp_seed2203,12,0.5790882703676745,0.6086956521739131
3,3,pearson_mlp_seed2203,13,0.5208041724280932,0.6242236024844721
3,3,pearson_mlp_seed2203,14,0.4720015258931402,0.6211180124223603
3,3,pearson_mlp_seed2203,15,0.47850146874859556,0.6630434782608695
3,3,pearson_mlp_seed2203,16,0.4215424194264768,0.6242236024844721
3,3,pearson_mlp_seed2203,17,0.4302536495289399,0.6257763975155279
3,3,pearson_mlp_seed2203,18,0.42345221570475183,0.6211180124223603
3,3,pearson_mlp_seed2203,19,0.3930292925727901,0.6149068322981366
3,3,pearson_mlp_seed2203,20,0.40747166421282943,0.6133540372670807
3,3,pearson_mlp_seed2203,21,0.395025762752514,0.65527950310559
3,3,pearson_mlp_seed2203,22,0.3241188772282197,0.6335403726708074
3,3,pearson_mlp_seed2203,23,0.32929944843795167,0.6490683229813664
3,3,pearson_mlp_seed2203,24,0.3391275752836199,0.6304347826086956
3,3,pearson_mlp_seed2203,25,0.3013844003724815,0.6195652173913043
3,3,pearson_mlp_seed2203,26,0.2968534527726434,0.6335403726708074
3,3,pearson_mlp_seed2203,27,0.24931433411379952,0.6304347826086957
3,3,pearson_mlp_seed3203,1,0.7449108658738397,0.5978260869565217
3,3,pearson_mlp_seed3203,2,0.6753070034197907,0.6009316770186336
3,3,pearson_mlp_seed3203,3,0.7130733081950477,0.5947204968944099
3,3,pearson_mlp_seed3203,4,0.6334663490157816,0.5916149068322981
3,3,pearson_mlp_seed3203,5,0.6510777710682124,0.5869565217391304
3,3,pearson_mlp_seed3203,6,0.6343334587059211,0.610248447204969
3,3,pearson_mlp_seed3203,7,0.6073362171946474,0.6055900621118013
3,3,pearson_mlp_seed3203,8,0.5714194243820152,0.5916149068322981
3,3,pearson_mlp_seed3203,9,0.5451542121260914,0.5885093167701863
3,3,pearson_mlp_seed3203,10,0.5779633628788279,0.59472049689441
3,3,pearson_mlp_seed3203,11,0.5503745578711305,0.593167701863354
3,3,pearson_mlp_seed3203,12,0.5662607681098862,0.5916149068322982
3,3,pearson_mlp_seed3203,13,0.5400635843253254,0.6242236024844721
3,3,pearson_mlp_seed3203,14,0.4855648563868964,0.610248447204969
3,3,pearson_mlp_seed3203,15,0.48609342919060244,0.6071428571428572
3,3,pearson_mlp_seed3203,16,0.4460031915066847,0.6288819875776397
3,3,pearson_mlp_seed3203,17,0.4341297484748992,0.6273291925465839
3,3,pearson_mlp_seed3203,18,0.38647020041052976,0.6257763975155279
3,3,pearson_mlp_seed3203,19,0.38750012211538665,0.6692546583850931
3,3,pearson_mlp_seed3203,20,0.35689400900062634,0.6195652173913043
3,3,pearson_mlp_seed3203,21,0.39149701491517214,0.6319875776397514
3,3,pearson_mlp_seed3203,22,0.35476392270320684,0.6304347826086957
3,3,pearson_mlp_seed3203,23,0.341181372232105,0.6537267080745341
3,3,pearson_mlp_seed3203,24,0.2828461360279007,0.6257763975155279
3,3,pearson_mlp_seed3203,25,0.26400185550623273,0.6118012422360247
3,3,pearson_mlp_seed3203,26,0.2847512256150222,0.6242236024844721
3,3,pearson_mlp_seed3203,27,0.254676264613422,0.6118012422360248
3,3,pearson_mlp_seed3203,28,0.21648706310424046,0.6164596273291926
3,3,pearson_mlp_seed3203,29,0.1922911576074154,0.625776397515528
3,3,pearson_mlp_seed3203,30,0.19536964484115146,0.6024844720496895
3,3,pearson_mlp_seed3203,31,0.25269078555984875,0.6381987577639753
3,3,tangent_mlp_seed1203,1,0.6195193434236062,0.703416149068323
3,3,tangent_mlp_seed1203,2,0.3100196866698526,0.7220496894409939
3,3,tangent_mlp_seed1203,3,0.11038477073854475,0.7049689440993789
3,3,tangent_mlp_seed1203,4,0.03918676093146575,0.7049689440993789
3,3,tangent_mlp_seed1203,5,0.027279653952489446,0.7003105590062112
3,3,tangent_mlp_seed1203,6,0.012004466579105724,0.7003105590062112
3,3,tangent_mlp_seed1203,7,0.008891270937286873,0.6987577639751553
3,3,tangent_mlp_seed1203,8,0.00858009449989345,0.6956521739130435
3,3,tangent_mlp_seed1203,9,0.0051583206762944285,0.6940993788819876
3,3,tangent_mlp_seed1203,10,0.005748898850809505,0.6940993788819876
3,3,tangent_mlp_seed1203,11,0.008402967647144302,0.6940993788819876
3,3,tangent_mlp_seed1203,12,0.0026930511195852017,0.6925465838509317
3,3,tangent_mlp_seed1203,13,0.0037447787139018008,0.6909937888198758
3,3,tangent_mlp_seed1203,14,0.0021210645104814043,0.6894409937888198
3,3,tangent_mlp_seed2203,1,0.6585941409590232,0.6304347826086957
3,3,tangent_mlp_seed2203,2,0.33126960109122355,0.6692546583850932
3,3,tangent_mlp_seed2203,3,0.13574483708955756,0.6894409937888198
3,3,tangent_mlp_seed2203,4,0.06287319599581298,0.6972049689440993
3,3,tangent_mlp_seed2203,5,0.0364902701914607,0.6909937888198758
3,3,tangent_mlp_seed2203,6,0.014787814417733481,0.6863354037267081
3,3,tangent_mlp_seed2203,7,0.01756842426529423,0.6832298136645962
3,3,tangent_mlp_seed2203,8,0.007742418083987797,0.6754658385093167
3,3,tangent_mlp_seed2203,9,0.007251313535394657,0.6754658385093169
3,3,tangent_mlp_seed2203,10,0.006978571808211209,0.6739130434782609
3,3,tangent_mlp_seed2203,11,0.006801867118396041,0.6770186335403727
3,3,tangent_mlp_seed2203,12,0.005331031385049298,0.6754658385093169
3,3,tangent_mlp_seed2203,13,0.0024198264918007437,0.6770186335403727
3,3,tangent_mlp_seed2203,14,0.003035464853428267,0.673913043478261
3,3,tangent_mlp_seed2203,15,0.002968096253068293,0.673913043478261
3,3,tangent_mlp_seed2203,16,0.0035359786643266713,0.673913043478261
3,3,tangent_mlp_seed3203,1,0.7035381177171546,0.6847826086956521
3,3,tangent_mlp_seed3203,2,0.4497437056024276,0.7096273291925466
3,3,tangent_mlp_seed3203,3,0.21720397161014043,0.7127329192546584
3,3,tangent_mlp_seed3203,4,0.07498929608817125,0.7065217391304348
3,3,tangent_mlp_seed3203,5,0.04149520005196778,0.7111801242236024
3,3,tangent_mlp_seed3203,6,0.018352801902265986,0.7049689440993789
3,3,tangent_mlp_seed3203,7,0.014035881594268244,0.7018633540372672
3,3,tangent_mlp_seed3203,8,0.009546778136424128,0.7034161490683231
3,3,tangent_mlp_seed3203,9,0.006143908275856604,0.7034161490683231
3,3,tangent_mlp_seed3203,10,0.005777923462087687,0.701863354037267
3,3,tangent_mlp_seed3203,11,0.004244645943967115,0.6987577639751552
3,3,tangent_mlp_seed3203,12,0.004012523206826577,0.6956521739130435
3,3,tangent_mlp_seed3203,13,0.0024118682517860067,0.6956521739130435
3,3,tangent_mlp_seed3203,14,0.0034904770555428755,0.6909937888198758
3,3,tangent_mlp_seed3203,15,0.0028554176363227565,0.6909937888198758
4,1,pearson_mlp_seed1201,1,0.7501460174422953,0.6018808777429467
4,1,pearson_mlp_seed1201,2,0.70450548449559,0.5893416927899686
4,1,pearson_mlp_seed1201,3,0.720935910198819,0.5736677115987461
4,1,pearson_mlp_seed1201,4,0.6716038996900492,0.554858934169279
4,1,pearson_mlp_seed1201,5,0.6616479425287959,0.5564263322884012
4,1,pearson_mlp_seed1201,6,0.6469426463492474,0.54858934169279
4,1,pearson_mlp_seed1201,7,0.6513316411877152,0.5360501567398119
4,1,pearson_mlp_seed1201,8,0.6051120977496627,0.5360501567398119
4,1,pearson_mlp_seed1201,9,0.585092926203315,0.5329153605015674
4,1,pearson_mlp_seed1201,10,0.5719732078746776,0.5266457680250783
4,1,pearson_mlp_seed1201,11,0.5511966943740845,0.5219435736677116
4,1,pearson_mlp_seed1201,12,0.5061156085474574,0.5266457680250783
4,1,pearson_mlp_seed1201,13,0.5050847785389838,0.5235109717868338
4,1,pearson_mlp_seed2201,1,0.7574086245612719,0.603448275862069
4,1,pearson_mlp_seed2201,2,0.7351694569658878,0.5815047021943573
4,1,pearson_mlp_seed2201,3,0.6765871311894697,0.5736677115987461
4,1,pearson_mlp_seed2201,4,0.677148128030312,0.567398119122257
4,1,pearson_mlp_seed2201,5,0.6176279445192707,0.5595611285266459
4,1,pearson_mlp_seed2201,6,0.6583896430570688,0.567398119122257
4,1,pearson_mlp_seed2201,7,0.6169580307172898,0.5454545454545454
4,1,pearson_mlp_seed2201,8,0.5902571159215709,0.5360501567398118
4,1,pearson_mlp_seed2201,9,0.5970908585769027,0.542319749216301
4,1,pearson_mlp_seed2201,10,0.5513509603875193,0.512539184952978
4,1,pearson_mlp_seed2201,11,0.5343944176809111,0.5203761755485894
4,1,pearson_mlp_seed2201,12,0.5010912246371976,0.5282131661442007
4,1,pearson_mlp_seed2201,13,0.48561487446970014,0.487460815047022
4,1,pearson_mlp_seed3201,1,0.7126306618624065,0.603448275862069
4,1,pearson_mlp_seed3201,2,0.7333351634628144,0.5987460815047022
4,1,pearson_mlp_seed3201,3,0.6232083066185908,0.5909090909090909
4,1,pearson_mlp_seed3201,4,0.6732020867404653,0.5642633228840125
4,1,pearson_mlp_seed3201,5,0.6595311692698085,0.5611285266457681
4,1,pearson_mlp_seed3201,6,0.613887356584938,0.5548589341692791
4,1,pearson_mlp_seed3201,7,0.5798721083657659,0.554858934169279
4,1,pearson_mlp_seed3201,8,0.5478019951587886,0.5532915360501567
4,1,pearson_mlp_seed3201,9,0.5312074921024379,0.5407523510971787
4,1,pearson_mlp_seed3201,10,0.5260607392633733,0.5407523510971787
4,1,pearson_mlp_seed3201,11,0.462955061476029,0.512539184952978
4,1,pearson_mlp_seed3201,12,0.5021309680606595,0.5125391849529781
4,1,pearson_mlp_seed3201,13,0.5174579718219701,0.5219435736677115
4,1,tangent_mlp_seed1201,1,0.6430346692972515,0.6332288401253919
4,1,tangent_mlp_seed1201,2,0.27184161677289365,0.6410658307210032
4,1,tangent_mlp_seed1201,3,0.08867889946669488,0.6379310344827587
4,1,tangent_mlp_seed1201,4,0.03821907064585543,0.6300940438871474
4,1,tangent_mlp_seed1201,5,0.02006148896759274,0.6253918495297806
4,1,tangent_mlp_seed1201,6,0.009100135248988422,0.6253918495297806
4,1,tangent_mlp_seed1201,7,0.007782831079145866,0.6238244514106583
4,1,tangent_mlp_seed1201,8,0.011775359247269026,0.6206896551724138
4,1,tangent_mlp_seed1201,9,0.008984598268239889,0.622257053291536
4,1,tangent_mlp_seed1201,10,0.005346633906204564,0.6206896551724138
4,1,tangent_mlp_seed1201,11,0.0019772544202979175,0.6175548589341693
4,1,tangent_mlp_seed1201,12,0.002687931312155442,0.6175548589341693
4,1,tangent_mlp_seed1201,13,0.003978683277315909,0.6206896551724138
4,1,tangent_mlp_seed1201,14,0.0018610382019379986,0.6206896551724138
4,1,tangent_mlp_seed2201,1,0.662948113768848,0.5830721003134797
4,1,tangent_mlp_seed2201,2,0.3570057651889858,0.6144200626959248
4,1,tangent_mlp_seed2201,3,0.17520977148962258,0.6253918495297807
4,1,tangent_mlp_seed2201,4,0.07285258930120896,0.6191222570532915
4,1,tangent_mlp_seed2201,5,0.03410571694040476,0.6206896551724138
4,1,tangent_mlp_seed2201,6,0.02361069015454297,0.6159874608150471
4,1,tangent_mlp_seed2201,7,0.013802031194096181,0.6144200626959248
4,1,tangent_mlp_seed2201,8,0.006577331090892725,0.6144200626959248
4,1,tangent_mlp_seed2201,9,0.006086529125992338,0.6159874608150471
4,1,tangent_mlp_seed2201,10,0.003812179773286059,0.6128526645768025
4,1,tangent_mlp_seed2201,11,0.005905994709896211,0.609717868338558
4,1,tangent_mlp_seed2201,12,0.003934911649734412,0.6112852664576802
4,1,tangent_mlp_seed2201,13,0.007267313995468083,0.6128526645768025
4,1,tangent_mlp_seed2201,14,0.002260910104065369,0.6144200626959248
4,1,tangent_mlp_seed2201,15,0.0018704244264619268,0.6144200626959248
4,1,tangent_mlp_seed3201,1,0.6680973702995339,0.6081504702194358
4,1,tangent_mlp_seed3201,2,0.329319775252793,0.6253918495297806
4,1,tangent_mlp_seed3201,3,0.12603183594805684,0.6191222570532915
4,1,tangent_mlp_seed3201,4,0.0701353423834885,0.6253918495297807
4,1,tangent_mlp_seed3201,5,0.036965928703027576,0.6238244514106583
4,1,tangent_mlp_seed3201,6,0.018734425788198537,0.6206896551724138
4,1,tangent_mlp_seed3201,7,0.015595726181164532,0.6191222570532915
4,1,tangent_mlp_seed3201,8,0.009612250081564657,0.6144200626959248
4,1,tangent_mlp_seed3201,9,0.010659181538376198,0.6144200626959248
4,1,tangent_mlp_seed3201,10,0.004904126695158025,0.615987460815047
4,1,tangent_mlp_seed3201,11,0.006222296218892828,0.615987460815047
4,1,tangent_mlp_seed3201,12,0.003612539962638373,0.6144200626959248
4,1,tangent_mlp_seed3201,13,0.005815681030705052,0.6191222570532916
4,1,tangent_mlp_seed3201,14,0.002905980616678201,0.6191222570532916
4,2,pearson_mlp_seed1202,1,0.7480427338116205,0.59472049689441
4,2,pearson_mlp_seed1202,2,0.6875149444561099,0.5869565217391304
4,2,pearson_mlp_seed1202,3,0.6463691562562439,0.5947204968944099
4,2,pearson_mlp_seed1202,4,0.6350715360534724,0.5900621118012422
4,2,pearson_mlp_seed1202,5,0.5622789637366338,0.5993788819875776
4,2,pearson_mlp_seed1202,6,0.553645750628182,0.5978260869565217
4,2,pearson_mlp_seed1202,7,0.5200589352579259,0.5900621118012422
4,2,pearson_mlp_seed1202,8,0.5327657302517202,0.6024844720496894
4,2,pearson_mlp_seed1202,9,0.4814526151068768,0.5791925465838509
4,2,pearson_mlp_seed1202,10,0.4327842244757942,0.5683229813664596
4,2,pearson_mlp_seed1202,11,0.3937637518294415,0.5698757763975155
4,2,pearson_mlp_seed1202,12,0.3880163354067067,0.5807453416149069
4,2,pearson_mlp_seed1202,13,0.3706208328850827,0.5885093167701864
4,2,pearson_mlp_seed1202,14,0.31512731343359496,0.5962732919254659
4,2,pearson_mlp_seed1202,15,0.2875509600141155,0.579192546583851
4,2,pearson_mlp_seed1202,16,0.317392243971279,0.5931677018633541
4,2,pearson_mlp_seed1202,17,0.28692703312309226,0.593167701863354
4,2,pearson_mlp_seed1202,18,0.2712001082909048,0.5916149068322981
4,2,pearson_mlp_seed1202,19,0.22888424102939778,0.6118012422360248
4,2,pearson_mlp_seed1202,20,0.23898007338912927,0.6040372670807453
4,2,pearson_mlp_seed1202,21,0.16314257584994113,0.6071428571428572
4,2,pearson_mlp_seed1202,22,0.22340831379243983,0.5822981366459627
4,2,pearson_mlp_seed1202,23,0.1704446686737573,0.5962732919254659
4,2,pearson_mlp_seed1202,24,0.14976254135221984,0.6040372670807455
4,2,pearson_mlp_seed1202,25,0.1870558844944138,0.5916149068322981
4,2,pearson_mlp_seed1202,26,0.20671258358961314,0.59472049689441
4,2,pearson_mlp_seed1202,27,0.13566047429519507,0.5978260869565217
4,2,pearson_mlp_seed1202,28,0.13888631701765963,0.6118012422360248
4,2,pearson_mlp_seed1202,29,0.09227936944706523,0.6133540372670807
4,2,pearson_mlp_seed1202,30,0.09600906982202435,0.6040372670807453
4,2,pearson_mlp_seed1202,31,0.11602034720022288,0.610248447204969
4,2,pearson_mlp_seed1202,32,0.13082197590253838,0.6055900621118012
4,2,pearson_mlp_seed1202,33,0.11238451206023384,0.6071428571428572
4,2,pearson_mlp_seed1202,34,0.08430287203014787,0.6040372670807453
4,2,pearson_mlp_seed1202,35,0.06782605521269698,0.6180124223602484
4,2,pearson_mlp_seed1202,36,0.06774323641215983,0.6180124223602484
4,2,pearson_mlp_seed1202,37,0.10377716237855195,0.6118012422360248
4,2,pearson_mlp_seed1202,38,0.13229219115047314,0.59472049689441
4,2,pearson_mlp_seed1202,39,0.1555508467373415,0.6024844720496895
4,2,pearson_mlp_seed1202,40,0.07323793414516828,0.6024844720496894
4,2,pearson_mlp_seed1202,41,0.10083722000691428,0.6055900621118012
4,2,pearson_mlp_seed1202,42,0.044312203506851076,0.6055900621118012
4,2,pearson_mlp_seed1202,43,0.06514812519412432,0.6133540372670808
4,2,pearson_mlp_seed1202,44,0.05563962906228369,0.6149068322981367
4,2,pearson_mlp_seed1202,45,0.07007191519239056,0.625776397515528
4,2,pearson_mlp_seed1202,46,0.04196843089748971,0.6180124223602484
4,2,pearson_mlp_seed1202,47,0.05455632197678747,0.6257763975155279
4,2,pearson_mlp_seed1202,48,0.05717574668797984,0.6055900621118012
4,2,pearson_mlp_seed1202,49,0.04729510310444221,0.6242236024844721
4,2,pearson_mlp_seed1202,50,0.059901860148752505,0.5978260869565217
4,2,pearson_mlp_seed1202,51,0.02868608900795306,0.6071428571428571
4,2,pearson_mlp_seed1202,52,0.026248757546739793,0.610248447204969
4,2,pearson_mlp_seed1202,53,0.030909969429694005,0.608695652173913
4,2,pearson_mlp_seed1202,54,0.05428476498198154,0.5993788819875776
4,2,pearson_mlp_seed1202,55,0.02609173510575769,0.6133540372670807
4,2,pearson_mlp_seed1202,56,0.05164321461756235,0.6149068322981366
4,2,pearson_mlp_seed1202,57,0.041271829028933574,0.6180124223602484
4,2,pearson_mlp_seed2202,1,0.7201665687323803,0.59472049689441
4,2,pearson_mlp_seed2202,2,0.6720229938848695,0.6055900621118012
4,2,pearson_mlp_seed2202,3,0.6270900505099131,0.5931677018633541
4,2,pearson_mlp_seed2202,4,0.5769157068646369,0.5854037267080745
4,2,pearson_mlp_seed2202,5,0.5490750794980064,0.5962732919254659
4,2,pearson_mlp_seed2202,6,0.5197926092503676,0.5854037267080745
4,2,pearson_mlp_seed2202,7,0.46175697668274834,0.6040372670807452
4,2,pearson_mlp_seed2202,8,0.4954878604827236,0.5900621118012421
4,2,pearson_mlp_seed2202,9,0.4163311411492267,0.5885093167701863
4,2,pearson_mlp_seed2202,10,0.3959805611057661,0.59472049689441
4,2,pearson_mlp_seed2202,11,0.3588621282014088,0.6071428571428571
4,2,pearson_mlp_seed2202,12,0.330387591277782,0.6024844720496894
4,2,pearson_mlp_seed2202,13,0.2840932691423454,0.6009316770186335
4,2,pearson_mlp_seed2202,14,0.2767223293211923,0.5978260869565217
4,2,pearson_mlp_seed2202,15,0.32372298347416206,0.5885093167701864
4,2,pearson_mlp_seed2202,16,0.19258609703227655,0.577639751552795
4,2,pearson_mlp_seed2202,17,0.22953726525478696,0.6024844720496895
4,2,pearson_mlp_seed2202,18,0.26328303846553786,0.5962732919254659
4,2,pearson_mlp_seed2202,19,0.24434660916304707,0.5791925465838509
4,2,pearson_mlp_seed2202,20,0.1467224153416667,0.6071428571428571
4,2,pearson_mlp_seed2202,21,0.157238024310093,0.5854037267080745
4,2,pearson_mlp_seed2202,22,0.14940555742130943,0.577639751552795
4,2,pearson_mlp_seed2202,23,0.15247716443307363,0.5807453416149069
4,2,pearson_mlp_seed3202,1,0.7499697878586119,0.59472049689441
4,2,pearson_mlp_seed3202,2,0.6594252017006945,0.5962732919254659
4,2,pearson_mlp_seed3202,3,0.6466758500284223,0.6009316770186335
4,2,pearson_mlp_seed3202,4,0.6140273975495675,0.5962732919254659
4,2,pearson_mlp_seed3202,5,0.5964393763992917,0.5993788819875776
4,2,pearson_mlp_seed3202,6,0.5278397464930121,0.6055900621118012
4,2,pearson_mlp_seed3202,7,0.5530028461816892,0.6009316770186336
4,2,pearson_mlp_seed3202,8,0.47737858870729283,0.5978260869565218
4,2,pearson_mlp_seed3202,9,0.4645062204617173,0.6024844720496894
4,2,pearson_mlp_seed3202,10,0.43003185338048794,0.6040372670807453
4,2,pearson_mlp_seed3202,11,0.40655715333585124,0.6055900621118012
4,2,pearson_mlp_seed3202,12,0.36873950753638995,0.6024844720496894
4,2,pearson_mlp_seed3202,13,0.3683857357324059,0.610248447204969
4,2,pearson_mlp_seed3202,14,0.3245925001837128,0.6211180124223602
4,2,pearson_mlp_seed3202,15,0.31438969498250025,0.6164596273291926
4,2,pearson_mlp_seed3202,16,0.2441923866669337,0.6195652173913043
4,2,pearson_mlp_seed3202,17,0.2403675412657249,0.6226708074534161
4,2,pearson_mlp_seed3202,18,0.2258798500791711,0.610248447204969
4,2,pearson_mlp_seed3202,19,0.18847144532262983,0.6226708074534161
4,2,pearson_mlp_seed3202,20,0.19962417827316778,0.624223602484472
4,2,pearson_mlp_seed3202,21,0.1570396099971672,0.6195652173913043
4,2,pearson_mlp_seed3202,22,0.11792636625654068,0.6149068322981367
4,2,pearson_mlp_seed3202,23,0.14964383879481857,0.6133540372670808
4,2,pearson_mlp_seed3202,24,0.14445106045746092,0.6180124223602484
4,2,pearson_mlp_seed3202,25,0.14888540188323207,0.624223602484472
4,2,pearson_mlp_seed3202,26,0.09640853614801198,0.6133540372670807
4,2,pearson_mlp_seed3202,27,0.08333867810555358,0.6195652173913043
4,2,pearson_mlp_seed3202,28,0.1323371471753761,0.6086956521739131
4,2,pearson_mlp_seed3202,29,0.11992464133014727,0.6226708074534161
4,2,pearson_mlp_seed3202,30,0.1640975427864796,0.6133540372670808
4,2,pearson_mlp_seed3202,31,0.1571257579793681,0.6071428571428571
4,2,pearson_mlp_seed3202,32,0.0926441700007785,0.6273291925465839
4,2,pearson_mlp_seed3202,33,0.10563973099252774,0.610248447204969
4,2,pearson_mlp_seed3202,34,0.10499150529318485,0.6180124223602484
4,2,pearson_mlp_seed3202,35,0.05061498365888548,0.6009316770186335
4,2,pearson_mlp_seed3202,36,0.07503594120788337,0.6055900621118012
4,2,pearson_mlp_seed3202,37,0.0424988983912551,0.6164596273291926
4,2,pearson_mlp_seed3202,38,0.04163069163092333,0.5993788819875776
4,2,pearson_mlp_seed3202,39,0.08089026098894836,0.5885093167701864
4,2,pearson_mlp_seed3202,40,0.04105145558807535,0.608695652173913
4,2,pearson_mlp_seed3202,41,0.08894641710380416,0.6133540372670807
4,2,pearson_mlp_seed3202,42,0.06679679359777353,0.5993788819875776
4,2,pearson_mlp_seed3202,43,0.045886542258867576,0.6226708074534161
4,2,pearson_mlp_seed3202,44,0.054792832008641754,0.6444099378881988
4,2,pearson_mlp_seed3202,45,0.052288115330374065,0.6242236024844721
4,2,pearson_mlp_seed3202,46,0.0438586310460348,0.579192546583851
4,2,pearson_mlp_seed3202,47,0.039998394840244034,0.6149068322981366
4,2,pearson_mlp_seed3202,48,0.028167143936699897,0.593167701863354
4,2,pearson_mlp_seed3202,49,0.014791859082173352,0.5978260869565217
4,2,pearson_mlp_seed3202,50,0.025434895219346183,0.5854037267080745
4,2,pearson_mlp_seed3202,51,0.09365434133313337,0.59472049689441
4,2,pearson_mlp_seed3202,52,0.05769646049602263,0.6024844720496895
4,2,pearson_mlp_seed3202,53,0.06727066606431459,0.6024844720496894
4,2,pearson_mlp_seed3202,54,0.05410657602997117,0.6195652173913043
4,2,pearson_mlp_seed3202,55,0.017317570071778636,0.624223602484472
4,2,pearson_mlp_seed3202,56,0.024802898470340156,0.6304347826086956
4,2,tangent_mlp_seed1202,1,0.6588861616096686,0.6242236024844721
4,2,tangent_mlp_seed1202,2,0.35897695091529863,0.6350931677018633
4,2,tangent_mlp_seed1202,3,0.1616682829845011,0.6459627329192547
4,2,tangent_mlp_seed1202,4,0.06195644572822016,0.6444099378881987
4,2,tangent_mlp_seed1202,5,0.022665980146892035,0.6428571428571428
4,2,tangent_mlp_seed1202,6,0.020442425996176343,0.6444099378881987
4,2,tangent_mlp_seed1202,7,0.01564544941581304,0.6428571428571428
4,2,tangent_mlp_seed1202,8,0.008125627377482863,0.641304347826087
4,2,tangent_mlp_seed1202,9,0.006664660680501615,0.641304347826087
4,2,tangent_mlp_seed1202,10,0.004774881193219726,0.641304347826087
4,2,tangent_mlp_seed1202,11,0.003733307637496671,0.641304347826087
4,2,tangent_mlp_seed1202,12,0.00814596104634861,0.6475155279503105
4,2,tangent_mlp_seed1202,13,0.002362741056635086,0.6490683229813665
4,2,tangent_mlp_seed1202,14,0.0023756450927116682,0.6506211180124224
4,2,tangent_mlp_seed1202,15,0.0026853818061821793,0.6490683229813664
4,2,tangent_mlp_seed1202,16,0.002291316994169347,0.6506211180124224
4,2,tangent_mlp_seed1202,17,0.0017970630240832822,0.6506211180124224
4,2,tangent_mlp_seed1202,18,0.0026571660392931593,0.6506211180124224
4,2,tangent_mlp_seed1202,19,0.0016476239369653943,0.6506211180124224
4,2,tangent_mlp_seed1202,20,0.00213575849323464,0.6490683229813665
4,2,tangent_mlp_seed1202,21,0.0015423960777564874,0.6490683229813665
4,2,tangent_mlp_seed1202,22,0.0008176648617196198,0.6490683229813665
4,2,tangent_mlp_seed1202,23,0.009595776707413536,0.6490683229813665
4,2,tangent_mlp_seed1202,24,0.0023863706883999855,0.6521739130434783
4,2,tangent_mlp_seed1202,25,0.0014131443113996763,0.6475155279503105
4,2,tangent_mlp_seed1202,26,0.004342228053160827,0.6475155279503106
4,2,tangent_mlp_seed1202,27,0.0011614462379852671,0.6475155279503106
4,2,tangent_mlp_seed1202,28,0.0002931714229251256,0.6521739130434782
4,2,tangent_mlp_seed1202,29,0.0006021634504052495,0.6521739130434783
4,2,tangent_mlp_seed1202,30,0.0004338106416763543,0.6521739130434783
4,2,tangent_mlp_seed1202,31,0.0007955788595115984,0.6475155279503105
4,2,tangent_mlp_seed1202,32,0.0006244033118953178,0.6490683229813665
4,2,tangent_mlp_seed1202,33,0.0007471842374924839,0.6490683229813664
4,2,tangent_mlp_seed1202,34,0.00033407857576709483,0.6475155279503105
4,2,tangent_mlp_seed1202,35,0.00016957389110286918,0.6475155279503105
4,2,tangent_mlp_seed1202,36,0.0008424263951699922,0.6444099378881988
4,2,tangent_mlp_seed2202,1,0.6221838895954303,0.6552795031055901
4,2,tangent_mlp_seed2202,2,0.24318996442491142,0.6614906832298136
4,2,tangent_mlp_seed2202,3,0.08996832040856727,0.6645962732919254
4,2,tangent_mlp_seed2202,4,0.03581195341339752,0.6708074534161491
4,2,tangent_mlp_seed2202,5,0.02056720253284001,0.6692546583850932
4,2,tangent_mlp_seed2202,6,0.013331140195765527,0.6708074534161491
4,2,tangent_mlp_seed2202,7,0.00814857950030979,0.670807453416149
4,2,tangent_mlp_seed2202,8,0.00838899451646194,0.672360248447205
4,2,tangent_mlp_seed2202,9,0.00721134782759519,0.6708074534161491
4,2,tangent_mlp_seed2202,10,0.004118424446428593,0.6677018633540373
4,2,tangent_mlp_seed2202,11,0.0074899763851171705,0.6677018633540373
4,2,tangent_mlp_seed2202,12,0.006899712539500376,0.6614906832298137
4,2,tangent_mlp_seed2202,13,0.0020967811387755087,0.6630434782608696
4,2,tangent_mlp_seed2202,14,0.002783813835839875,0.6645962732919254
4,2,tangent_mlp_seed2202,15,0.0030875848536727145,0.6661490683229814
4,2,tangent_mlp_seed2202,16,0.0009351312240761755,0.6645962732919255
4,2,tangent_mlp_seed2202,17,0.002095310228288322,0.6661490683229814
4,2,tangent_mlp_seed2202,18,0.003520270324756961,0.6677018633540373
4,2,tangent_mlp_seed2202,19,0.0017889392553088464,0.6661490683229814
4,2,tangent_mlp_seed2202,20,0.0006624803534044018,0.6677018633540373
4,2,tangent_mlp_seed3202,1,0.6680552407876769,0.6754658385093167
4,2,tangent_mlp_seed3202,2,0.3473831966741761,0.6739130434782609
4,2,tangent_mlp_seed3202,3,0.13079963676371978,0.6583850931677019
4,2,tangent_mlp_seed3202,4,0.04950945879986037,0.6521739130434783
4,2,tangent_mlp_seed3202,5,0.02343766483946226,0.6552795031055899
4,2,tangent_mlp_seed3202,6,0.014001266715760848,0.6552795031055901
4,2,tangent_mlp_seed3202,7,0.012121589113008324,0.6568322981366459
4,2,tangent_mlp_seed3202,8,0.006478359125814035,0.6583850931677019
4,2,tangent_mlp_seed3202,9,0.005430916763566416,0.6599378881987578
4,2,tangent_mlp_seed3202,10,0.0029486207910048873,0.6614906832298137
4,2,tangent_mlp_seed3202,11,0.003909349853904983,0.6630434782608696
4,2,tangent_mlp_seed3202,12,0.004093078156789552,0.6614906832298137
4,2,tangent_mlp_seed3202,13,0.0030126972077646067,0.6614906832298137
4,3,pearson_mlp_seed1203,1,0.746604908758135,0.7111801242236024
4,3,pearson_mlp_seed1203,2,0.7349750129737664,0.7003105590062112
4,3,pearson_mlp_seed1203,3,0.681560058498857,0.7080745341614907
4,3,pearson_mlp_seed1203,4,0.6214181791194042,0.7096273291925467
4,3,pearson_mlp_seed1203,5,0.5910070430283523,0.7329192546583851
4,3,pearson_mlp_seed1203,6,0.4998071086940481,0.7484472049689441
4,3,pearson_mlp_seed1203,7,0.46235457433396904,0.7422360248447205
4,3,pearson_mlp_seed1203,8,0.4950150684337711,0.7406832298136646
4,3,pearson_mlp_seed1203,9,0.3878208695359491,0.7484472049689441
4,3,pearson_mlp_seed1203,10,0.35616345014145123,0.7267080745341614
4,3,pearson_mlp_seed1203,11,0.3489235913872126,0.7267080745341615
4,3,pearson_mlp_seed1203,12,0.28382552411425765,0.6956521739130435
4,3,pearson_mlp_seed1203,13,0.2784692260311611,0.7189440993788819
4,3,pearson_mlp_seed1203,14,0.2814132307299334,0.6987577639751553
4,3,pearson_mlp_seed1203,15,0.23962944182590465,0.7220496894409937
4,3,pearson_mlp_seed1203,16,0.21559820958037876,0.6925465838509317
4,3,pearson_mlp_seed1203,17,0.18486312524744528,0.7018633540372671
4,3,pearson_mlp_seed1203,18,0.13519620554364142,0.7111801242236025
4,3,pearson_mlp_seed2203,1,0.7571998914675926,0.6956521739130435
4,3,pearson_mlp_seed2203,2,0.7100375837354518,0.703416149068323
4,3,pearson_mlp_seed2203,3,0.6624293315469922,0.7189440993788819
4,3,pearson_mlp_seed2203,4,0.6325087938735734,0.7127329192546584
4,3,pearson_mlp_seed2203,5,0.6111922996554209,0.7298136645962733
4,3,pearson_mlp_seed2203,6,0.5576091800163041,0.7453416149068323
4,3,pearson_mlp_seed2203,7,0.4996451263997092,0.748447204968944
4,3,pearson_mlp_seed2203,8,0.4615873909411739,0.7468944099378881
4,3,pearson_mlp_seed2203,9,0.4167221720835463,0.7484472049689441
4,3,pearson_mlp_seed2203,10,0.3945569796348686,0.7236024844720497
4,3,pearson_mlp_seed2203,11,0.37802047908899206,0.7391304347826086
4,3,pearson_mlp_seed2203,12,0.33461672883128646,0.7080745341614907
4,3,pearson_mlp_seed2203,13,0.3107681810411055,0.6677018633540373
4,3,pearson_mlp_seed2203,14,0.2773718934747117,0.6894409937888198
4,3,pearson_mlp_seed2203,15,0.26541009011553296,0.6770186335403727
4,3,pearson_mlp_seed2203,16,0.23361702263355255,0.7282608695652174
4,3,pearson_mlp_seed2203,17,0.2140862255991988,0.7158385093167703
4,3,pearson_mlp_seed2203,18,0.19011932778269497,0.7189440993788819
4,3,pearson_mlp_seed2203,19,0.17830888667509923,0.7220496894409938
4,3,pearson_mlp_seed3203,1,0.7570374035716649,0.7111801242236024
4,3,pearson_mlp_seed3203,2,0.7090692997571841,0.7251552795031055
4,3,pearson_mlp_seed3203,3,0.6952779435399753,0.7251552795031057
4,3,pearson_mlp_seed3203,4,0.6390499253178117,0.7406832298136646
4,3,pearson_mlp_seed3203,5,0.62083135404397,0.7313664596273292
4,3,pearson_mlp_seed3203,6,0.6059046346156751,0.7562111801242236
4,3,pearson_mlp_seed3203,7,0.5638784745439368,0.7531055900621118
4,3,pearson_mlp_seed3203,8,0.5316120664871747,0.7453416149068323
4,3,pearson_mlp_seed3203,9,0.46225023744118154,0.7562111801242236
4,3,pearson_mlp_seed3203,10,0.43709131111553057,0.7484472049689441
4,3,pearson_mlp_seed3203,11,0.35733901935430307,0.7375776397515528
4,3,pearson_mlp_seed3203,12,0.34067415242171406,0.7189440993788819
4,3,pearson_mlp_seed3203,13,0.3408798802254805,0.7251552795031057
4,3,pearson_mlp_seed3203,14,0.28129206160407755,0.7267080745341615
4,3,pearson_mlp_seed3203,15,0.20906895977347645,0.734472049689441
4,3,pearson_mlp_seed3203,16,0.196962510842589,0.7236024844720497
4,3,pearson_mlp_seed3203,17,0.217546416752374,0.7018633540372672
4,3,pearson_mlp_seed3203,18,0.17158044600368139,0.7267080745341615
4,3,tangent_mlp_seed1203,1,0.6466715254297304,0.7453416149068323
4,3,tangent_mlp_seed1203,2,0.3109249029290024,0.7468944099378882
4,3,tangent_mlp_seed1203,3,0.1129848124524254,0.7453416149068323
4,3,tangent_mlp_seed1203,4,0.04969983595187095,0.7468944099378882
4,3,tangent_mlp_seed1203,5,0.03509888364307916,0.7422360248447205
4,3,tangent_mlp_seed1203,6,0.012545379117335104,0.7422360248447206
4,3,tangent_mlp_seed1203,7,0.01128130335481235,0.7391304347826086
4,3,tangent_mlp_seed1203,8,0.01241276231107872,0.7406832298136645
4,3,tangent_mlp_seed1203,9,0.00521144322096486,0.7406832298136646
4,3,tangent_mlp_seed1203,10,0.003791014733376788,0.7391304347826086
4,3,tangent_mlp_seed1203,11,0.007934695977916876,0.7375776397515527
4,3,tangent_mlp_seed1203,12,0.0044412985050226025,0.7360248447204968
4,3,tangent_mlp_seed1203,13,0.003265856980665851,0.734472049689441
4,3,tangent_mlp_seed1203,14,0.0018643533141440272,0.734472049689441
4,3,tangent_mlp_seed2203,1,0.6610998428283046,0.7453416149068323
4,3,tangent_mlp_seed2203,2,0.3338081898973949,0.7329192546583851
4,3,tangent_mlp_seed2203,3,0.14195064688796427,0.7422360248447205
4,3,tangent_mlp_seed2203,4,0.056286103096767445,0.7453416149068323
4,3,tangent_mlp_seed2203,5,0.037766521889253044,0.75
4,3,tangent_mlp_seed2203,6,0.016631194663729833,0.7515527950310559
4,3,tangent_mlp_seed2203,7,0.013082282469417918,0.7515527950310559
4,3,tangent_mlp_seed2203,8,0.0065955837356825526,0.7515527950310559
4,3,tangent_mlp_seed2203,9,0.008731415115333908,0.75
4,3,tangent_mlp_seed2203,10,0.008275797979822799,0.75
4,3,tangent_mlp_seed2203,11,0.005384660261076184,0.7484472049689441
4,3,tangent_mlp_seed2203,12,0.004699978240144749,0.7484472049689441
4,3,tangent_mlp_seed2203,13,0.00262164934051793,0.75
4,3,tangent_mlp_seed2203,14,0.004130906946679104,0.75
4,3,tangent_mlp_seed2203,15,0.009311667680555018,0.7453416149068324
4,3,tangent_mlp_seed2203,16,0.0032863178384833188,0.7437888198757764
4,3,tangent_mlp_seed2203,17,0.0021378149950890732,0.7437888198757764
4,3,tangent_mlp_seed2203,18,0.002676076127739799,0.7422360248447205
4,3,tangent_mlp_seed3203,1,0.708031833468385,0.7468944099378882
4,3,tangent_mlp_seed3203,2,0.4557946173112784,0.765527950310559
4,3,tangent_mlp_seed3203,3,0.21958827646217535,0.7639751552795031
4,3,tangent_mlp_seed3203,4,0.09199624726391253,0.7608695652173914
4,3,tangent_mlp_seed3203,5,0.03911494614269158,0.7593167701863354
4,3,tangent_mlp_seed3203,6,0.020153368131688505,0.7624223602484473
4,3,tangent_mlp_seed3203,7,0.012480559851510904,0.7577639751552795
4,3,tangent_mlp_seed3203,8,0.009530988551991347,0.7562111801242235
4,3,tangent_mlp_seed3203,9,0.009127020483734595,0.7515527950310559
4,3,tangent_mlp_seed3203,10,0.008418933547505024,0.7484472049689441
4,3,tangent_mlp_seed3203,11,0.003018378446328069,0.7515527950310559
4,3,tangent_mlp_seed3203,12,0.0034314533324902924,0.7531055900621118
4,3,tangent_mlp_seed3203,13,0.003389760386053964,0.7562111801242235
4,3,tangent_mlp_seed3203,14,0.004685911585099588,0.7593167701863355
5,1,pearson_mlp_seed1201,1,0.7567333238041816,0.6943573667711599
5,1,pearson_mlp_seed1201,2,0.7243710714786207,0.6959247648902821
5,1,pearson_mlp_seed1201,3,0.7053308706378463,0.7210031347962382
5,1,pearson_mlp_seed1201,4,0.6706566199734436,0.7147335423197493
5,1,pearson_mlp_seed1201,5,0.6785621598585329,0.7178683385579937
5,1,pearson_mlp_seed1201,6,0.6023166600744523,0.7084639498432602
5,1,pearson_mlp_seed1201,7,0.6175816892391414,0.731974921630094
5,1,pearson_mlp_seed1201,8,0.5286456868423158,0.713166144200627
5,1,pearson_mlp_seed1201,9,0.5209077483979031,0.6927899686520377
5,1,pearson_mlp_seed1201,10,0.4975212364647519,0.7084639498432602
5,1,pearson_mlp_seed1201,11,0.4119707399339818,0.6802507836990596
5,1,pearson_mlp_seed1201,12,0.40541437727894947,0.7100313479623824
5,1,pearson_mlp_seed1201,13,0.40382308850240944,0.6974921630094043
5,1,pearson_mlp_seed1201,14,0.3945526955139578,0.7084639498432601
5,1,pearson_mlp_seed1201,15,0.3713530420663938,0.6551724137931034
5,1,pearson_mlp_seed1201,16,0.3218927666619049,0.6833855799373041
5,1,pearson_mlp_seed1201,17,0.28618971921911285,0.7147335423197493
5,1,pearson_mlp_seed1201,18,0.3083150563251913,0.6504702194357367
5,1,pearson_mlp_seed1201,19,0.3008425200163429,0.6300940438871473
5,1,pearson_mlp_seed2201,1,0.7736348818190655,0.7210031347962382
5,1,pearson_mlp_seed2201,2,0.6930084525056146,0.725705329153605
5,1,pearson_mlp_seed2201,3,0.7356308292393661,0.7068965517241379
5,1,pearson_mlp_seed2201,4,0.6706085993875912,0.6959247648902821
5,1,pearson_mlp_seed2201,5,0.6682848616025934,0.706896551724138
5,1,pearson_mlp_seed2201,6,0.5899958659463854,0.713166144200627
5,1,pearson_mlp_seed2201,7,0.5824990491961959,0.7084639498432602
5,1,pearson_mlp_seed2201,8,0.5416326748197945,0.7021943573667712
5,1,pearson_mlp_seed2201,9,0.5187999173183346,0.7084639498432602
5,1,pearson_mlp_seed2201,10,0.5123128684895548,0.6880877742946708
5,1,pearson_mlp_seed2201,11,0.44356852443657113,0.7053291536050157
5,1,pearson_mlp_seed2201,12,0.4077285502977039,0.6379310344827586
5,1,pearson_mlp_seed2201,13,0.3794101286883378,0.7021943573667713
5,1,pearson_mlp_seed2201,14,0.36930818670424653,0.6943573667711599
5,1,pearson_mlp_seed3201,1,0.7525733383140754,0.6927899686520377
5,1,pearson_mlp_seed3201,2,0.7144628410315632,0.6833855799373042
5,1,pearson_mlp_seed3201,3,0.7047476237686119,0.6755485893416929
5,1,pearson_mlp_seed3201,4,0.6492233240782325,0.6849529780564263
5,1,pearson_mlp_seed3201,5,0.6298472970279295,0.6786833855799373
5,1,pearson_mlp_seed3201,6,0.6048739902415678,0.6833855799373042
5,1,pearson_mlp_seed3201,7,0.6070903613792723,0.6959247648902821
5,1,pearson_mlp_seed3201,8,0.6041967102247684,0.6849529780564264
5,1,pearson_mlp_seed3201,9,0.5222820301554096,0.6645768025078369
5,1,pearson_mlp_seed3201,10,0.5015840273887957,0.7006269592476488
5,1,pearson_mlp_seed3201,11,0.4555915218977193,0.677115987460815
5,1,pearson_mlp_seed3201,12,0.4083920054471315,0.6724137931034483
5,1,pearson_mlp_seed3201,13,0.47001233904515927,0.6708463949843261
5,1,pearson_mlp_seed3201,14,0.40749338313714784,0.6504702194357367
5,1,pearson_mlp_seed3201,15,0.398261686462668,0.658307210031348
5,1,pearson_mlp_seed3201,16,0.38200292006060854,0.6442006269592476
5,1,pearson_mlp_seed3201,17,0.327868325793328,0.6818181818181818
5,1,pearson_mlp_seed3201,18,0.29898958264002157,0.6426332288401254
5,1,pearson_mlp_seed3201,19,0.2631417956221756,0.6520376175548589
5,1,pearson_mlp_seed3201,20,0.2937959617198403,0.6489028213166144
5,1,pearson_mlp_seed3201,21,0.24274419863425678,0.6332288401253917
5,1,pearson_mlp_seed3201,22,0.2946520601932089,0.6786833855799373
5,1,tangent_mlp_seed1201,1,0.6532349390770072,0.7225705329153604
5,1,tangent_mlp_seed1201,2,0.29541911436847196,0.7335423197492162
5,1,tangent_mlp_seed1201,3,0.08537785410510366,0.7335423197492164
5,1,tangent_mlp_seed1201,4,0.03863058532982027,0.7288401253918495
5,1,tangent_mlp_seed1201,5,0.022242974123885085,0.7241379310344827
5,1,tangent_mlp_seed1201,6,0.01131075431838335,0.725705329153605
5,1,tangent_mlp_seed1201,7,0.00863003134217799,0.7272727272727273
5,1,tangent_mlp_seed1201,8,0.008680018327611299,0.725705329153605
5,1,tangent_mlp_seed1201,9,0.004160997719591975,0.7241379310344828
5,1,tangent_mlp_seed1201,10,0.0036322162486612797,0.719435736677116
5,1,tangent_mlp_seed1201,11,0.003082753993125994,0.7210031347962383
5,1,tangent_mlp_seed1201,12,0.004545235939194166,0.7210031347962383
5,1,tangent_mlp_seed1201,13,0.0035765386077654155,0.7210031347962382
5,1,tangent_mlp_seed1201,14,0.0023293704905347963,0.7225705329153606
5,1,tangent_mlp_seed2201,1,0.6646187803638515,0.6347962382445141
5,1,tangent_mlp_seed2201,2,0.362256800876328,0.6818181818181818
5,1,tangent_mlp_seed2201,3,0.18438560886317817,0.6880877742946708
5,1,tangent_mlp_seed2201,4,0.07902624688820163,0.6912225705329154
5,1,tangent_mlp_seed2201,5,0.03392172587655522,0.6865203761755487
5,1,tangent_mlp_seed2201,6,0.02429583156249713,0.6849529780564263
5,1,tangent_mlp_seed2201,7,0.015611864088927929,0.6865203761755485
5,1,tangent_mlp_seed2201,8,0.006447088318837538,0.6833855799373041
5,1,tangent_mlp_seed2201,9,0.011351528637741335,0.6833855799373041
5,1,tangent_mlp_seed2201,10,0.004431665690838179,0.6833855799373041
5,1,tangent_mlp_seed2201,11,0.005817275978532151,0.6833855799373041
5,1,tangent_mlp_seed2201,12,0.0030160923830154745,0.6818181818181819
5,1,tangent_mlp_seed2201,13,0.0027553489934467705,0.6818181818181819
5,1,tangent_mlp_seed2201,14,0.0022941025909944553,0.6833855799373041
5,1,tangent_mlp_seed2201,15,0.0018336736522985631,0.6833855799373041
5,1,tangent_mlp_seed2201,16,0.0019332442912782788,0.6849529780564263
5,1,tangent_mlp_seed3201,1,0.6698047302255583,0.6003134796238244
5,1,tangent_mlp_seed3201,2,0.35206724962784874,0.6614420062695925
5,1,tangent_mlp_seed3201,3,0.14517717797364763,0.6833855799373041
5,1,tangent_mlp_seed3201,4,0.0678231309524816,0.6865203761755486
5,1,tangent_mlp_seed3201,5,0.027296077237645194,0.6786833855799373
5,1,tangent_mlp_seed3201,6,0.02104528494346053,0.6739811912225706
5,1,tangent_mlp_seed3201,7,0.014051278760026566,0.6724137931034483
5,1,tangent_mlp_seed3201,8,0.010156702611650994,0.6724137931034483
5,1,tangent_mlp_seed3201,9,0.010112016079530342,0.6708463949843261
5,1,tangent_mlp_seed3201,10,0.00643528230599503,0.6739811912225706
5,1,tangent_mlp_seed3201,11,0.00436799517318384,0.6739811912225706
5,1,tangent_mlp_seed3201,12,0.003658709303500242,0.6755485893416928
5,1,tangent_mlp_seed3201,13,0.00961213351797257,0.6739811912225706
5,1,tangent_mlp_seed3201,14,0.002785554250692995,0.6739811912225706
5,1,tangent_mlp_seed3201,15,0.009248260932219267,0.6739811912225706
5,1,tangent_mlp_seed3201,16,0.0036961341135806763,0.6739811912225706
5,2,pearson_mlp_seed1202,1,0.7229686287505117,0.6242236024844721
5,2,pearson_mlp_seed1202,2,0.7138882294223083,0.6195652173913044
5,2,pearson_mlp_seed1202,3,0.7077714525051971,0.6335403726708074
5,2,pearson_mlp_seed1202,4,0.6686301305519408,0.6180124223602484
5,2,pearson_mlp_seed1202,5,0.611249196885237,0.6211180124223602
5,2,pearson_mlp_seed1202,6,0.6199586634612202,0.5993788819875777
5,2,pearson_mlp_seed1202,7,0.5654490604922546,0.6024844720496895
5,2,pearson_mlp_seed1202,8,0.5414013020434782,0.608695652173913
5,2,pearson_mlp_seed1202,9,0.5229919953132743,0.6164596273291926
5,2,pearson_mlp_seed1202,10,0.49890659297283607,0.6304347826086956
5,2,pearson_mlp_seed1202,11,0.4662233666697545,0.6335403726708074
5,2,pearson_mlp_seed1202,12,0.43921906452866927,0.6350931677018634
5,2,pearson_mlp_seed1202,13,0.4142803914140706,0.6428571428571429
5,2,pearson_mlp_seed1202,14,0.43518979736228486,0.641304347826087
5,2,pearson_mlp_seed1202,15,0.3900775503163314,0.6273291925465839
5,2,pearson_mlp_seed1202,16,0.3854165430092693,0.6319875776397516
5,2,pearson_mlp_seed1202,17,0.36142714862799763,0.6273291925465838
5,2,pearson_mlp_seed1202,18,0.3259608175475799,0.639751552795031
5,2,pearson_mlp_seed1202,19,0.2900124758259574,0.6381987577639752
5,2,pearson_mlp_seed1202,20,0.3130921372652647,0.6381987577639752
5,2,pearson_mlp_seed1202,21,0.2523726612255348,0.6381987577639752
5,2,pearson_mlp_seed1202,22,0.2346416711807251,0.641304347826087
5,2,pearson_mlp_seed1202,23,0.23383009626497678,0.6397515527950312
5,2,pearson_mlp_seed1202,24,0.22331406298413206,0.6444099378881988
5,2,pearson_mlp_seed1202,25,0.1737877785862975,0.6413043478260869
5,2,pearson_mlp_seed1202,26,0.21534696228765138,0.6366459627329192
5,2,pearson_mlp_seed1202,27,0.2216996345947038,0.6164596273291926
5,2,pearson_mlp_seed1202,28,0.14264171540422077,0.6366459627329193
5,2,pearson_mlp_seed1202,29,0.10379056408259998,0.6630434782608696
5,2,pearson_mlp_seed1202,30,0.12791665484063067,0.6583850931677019
5,2,pearson_mlp_seed1202,31,0.10085001684243407,0.6319875776397516
5,2,pearson_mlp_seed1202,32,0.09172947067229902,0.6226708074534162
5,2,pearson_mlp_seed1202,33,0.07540766639051152,0.6335403726708075
5,2,pearson_mlp_seed1202,34,0.18061855364943025,0.6273291925465838
5,2,pearson_mlp_seed1202,35,0.1370222671559794,0.6133540372670807
5,2,pearson_mlp_seed1202,36,0.08140097740129452,0.5947204968944099
5,2,pearson_mlp_seed1202,37,0.09625319843713324,0.5885093167701864
5,2,pearson_mlp_seed1202,38,0.06962615601829629,0.5916149068322981
5,2,pearson_mlp_seed1202,39,0.06277909881518737,0.6319875776397516
5,2,pearson_mlp_seed1202,40,0.0673832934979924,0.6195652173913044
5,2,pearson_mlp_seed1202,41,0.06595046985060421,0.6211180124223602
5,2,pearson_mlp_seed2202,1,0.7425441483953106,0.6335403726708074
5,2,pearson_mlp_seed2202,2,0.6817965857425139,0.6273291925465838
5,2,pearson_mlp_seed2202,3,0.6739255083141042,0.6071428571428571
5,2,pearson_mlp_seed2202,4,0.6205498816362068,0.6304347826086956
5,2,pearson_mlp_seed2202,5,0.6298460711294146,0.6304347826086957
5,2,pearson_mlp_seed2202,6,0.5961838954716773,0.6335403726708074
5,2,pearson_mlp_seed2202,7,0.5419314797244855,0.6475155279503105
5,2,pearson_mlp_seed2202,8,0.5074502760498085,0.6490683229813665
5,2,pearson_mlp_seed2202,9,0.4706568959637068,0.6350931677018633
5,2,pearson_mlp_seed2202,10,0.4916173112926199,0.6335403726708074
5,2,pearson_mlp_seed2202,11,0.45224703811294403,0.6335403726708074
5,2,pearson_mlp_seed2202,12,0.46149654767999604,0.6288819875776398
5,2,pearson_mlp_seed2202,13,0.39602471050338367,0.6475155279503105
5,2,pearson_mlp_seed2202,14,0.3971439297519513,0.6599378881987576
5,2,pearson_mlp_seed2202,15,0.3178288417669078,0.6350931677018633
5,2,pearson_mlp_seed2202,16,0.31836706162685185,0.6335403726708074
5,2,pearson_mlp_seed2202,17,0.30103649784676473,0.6490683229813664
5,2,pearson_mlp_seed2202,18,0.2786850870693501,0.6521739130434783
5,2,pearson_mlp_seed2202,19,0.32654245512847285,0.6428571428571428
5,2,pearson_mlp_seed2202,20,0.2620902011050514,0.6366459627329193
5,2,pearson_mlp_seed2202,21,0.19879431310874313,0.6366459627329193
5,2,pearson_mlp_seed2202,22,0.1878939983041132,0.6335403726708074
5,2,pearson_mlp_seed2202,23,0.24401777235800354,0.6366459627329193
5,2,pearson_mlp_seed2202,24,0.202494806466411,0.6366459627329192
5,2,pearson_mlp_seed2202,25,0.17510362335513183,0.6381987577639752
5,2,pearson_mlp_seed2202,26,0.15261501842989258,0.6350931677018634
5,2,pearson_mlp_seed3202,1,0.743482587645896,0.6257763975155279
5,2,pearson_mlp_seed3202,2,0.689715389588579,0.6226708074534161
5,2,pearson_mlp_seed3202,3,0.676749955658889,0.6350931677018634
5,2,pearson_mlp_seed3202,4,0.6759599198156329,0.6288819875776397
5,2,pearson_mlp_seed3202,5,0.6605577962612038,0.6304347826086957
5,2,pearson_mlp_seed3202,6,0.6316893907328743,0.6350931677018634
5,2,pearson_mlp_seed3202,7,0.6114967839041753,0.6226708074534162
5,2,pearson_mlp_seed3202,8,0.5756747135475501,0.6350931677018633
5,2,pearson_mlp_seed3202,9,0.5314115695099333,0.6335403726708074
5,2,pearson_mlp_seed3202,10,0.5535709637017986,0.6226708074534162
5,2,pearson_mlp_seed3202,11,0.4866536317476586,0.6444099378881988
5,2,pearson_mlp_seed3202,12,0.49111581649353253,0.656832298136646
5,2,pearson_mlp_seed3202,13,0.4294093716796951,0.6459627329192547
5,2,pearson_mlp_seed3202,14,0.40827917934057134,0.6428571428571428
5,2,pearson_mlp_seed3202,15,0.4163866059400549,0.6335403726708074
5,2,pearson_mlp_seed3202,16,0.3706279090091364,0.6459627329192545
5,2,pearson_mlp_seed3202,17,0.35995680286516596,0.641304347826087
5,2,pearson_mlp_seed3202,18,0.30194930680355625,0.6444099378881988
5,2,pearson_mlp_seed3202,19,0.2509139092703957,0.6506211180124223
5,2,pearson_mlp_seed3202,20,0.2461628595098334,0.6335403726708075
5,2,pearson_mlp_seed3202,21,0.25267561113656456,0.6335403726708075
5,2,pearson_mlp_seed3202,22,0.2501154568657946,0.6273291925465839
5,2,pearson_mlp_seed3202,23,0.22534479667891316,0.6366459627329193
5,2,pearson_mlp_seed3202,24,0.17634943661405078,0.6319875776397516
5,2,tangent_mlp_seed1202,1,0.6680758717048227,0.44875776397515527
5,2,tangent_mlp_seed1202,2,0.39128861038839047,0.45962732919254656
5,2,tangent_mlp_seed1202,3,0.16669272427535176,0.46428571428571425
5,2,tangent_mlp_seed1202,4,0.06543072731933784,0.47204968944099374
5,2,tangent_mlp_seed1202,5,0.027777977676978753,0.4704968944099378
5,2,tangent_mlp_seed1202,6,0.020097140945605378,0.4751552795031056
5,2,tangent_mlp_seed1202,7,0.0168148842524385,0.4720496894409937
5,2,tangent_mlp_seed1202,8,0.006094694842436161,0.46739130434782605
5,2,tangent_mlp_seed1202,9,0.0074242854639146455,0.46894409937888193
5,2,tangent_mlp_seed1202,10,0.004450400103930736,0.4704968944099378
5,2,tangent_mlp_seed1202,11,0.003173056870596993,0.4704968944099378
5,2,tangent_mlp_seed1202,12,0.008052310773863026,0.46894409937888193
5,2,tangent_mlp_seed1202,13,0.0032203471728551912,0.46894409937888193
5,2,tangent_mlp_seed1202,14,0.0028432859078892946,0.4720496894409938
5,2,tangent_mlp_seed1202,15,0.004884597544201571,0.4720496894409938
5,2,tangent_mlp_seed1202,16,0.0055027023281853426,0.4720496894409938
5,2,tangent_mlp_seed1202,17,0.002886653580783637,0.4720496894409938
5,2,tangent_mlp_seed1202,18,0.0024073469992356364,0.4704968944099378
5,2,tangent_mlp_seed2202,1,0.623145886914647,0.4751552795031056
5,2,tangent_mlp_seed2202,2,0.2543004550299241,0.47204968944099374
5,2,tangent_mlp_seed2202,3,0.08777569330746855,0.4813664596273292
5,2,tangent_mlp_seed2202,4,0.03758861072620942,0.4767080745341615
5,2,tangent_mlp_seed2202,5,0.021885558128801743,0.4767080745341615
5,2,tangent_mlp_seed2202,6,0.0181016568604171,0.47670807453416153
5,2,tangent_mlp_seed2202,7,0.00870195856382746,0.4782608695652174
5,2,tangent_mlp_seed2202,8,0.008150452219728214,0.47670807453416153
5,2,tangent_mlp_seed2202,9,0.0068773638586796335,0.47826086956521735
5,2,tangent_mlp_seed2202,10,0.005575792068170745,0.4782608695652174
5,2,tangent_mlp_seed2202,11,0.006577508942228719,0.4782608695652174
5,2,tangent_mlp_seed2202,12,0.004873061032539502,0.4829192546583851
5,2,tangent_mlp_seed2202,13,0.0022540744116057213,0.4829192546583851
5,2,tangent_mlp_seed2202,14,0.0035774914848395803,0.48291925465838514
5,2,tangent_mlp_seed2202,15,0.0024263103699904694,0.48447204968944096
5,2,tangent_mlp_seed2202,16,0.0011196100293190696,0.48447204968944096
5,2,tangent_mlp_seed2202,17,0.003330326043718045,0.4860248447204969
5,2,tangent_mlp_seed2202,18,0.0019603270645814005,0.4860248447204969
5,2,tangent_mlp_seed2202,19,0.0013757715799089345,0.4860248447204969
5,2,tangent_mlp_seed2202,20,0.0023213410622611717,0.48136645962732927
5,2,tangent_mlp_seed2202,21,0.000749118051642844,0.48136645962732927
5,2,tangent_mlp_seed2202,22,0.0011112438351119636,0.48291925465838514
5,2,tangent_mlp_seed2202,23,0.006469096836332227,0.484472049689441
5,2,tangent_mlp_seed2202,24,0.0015201044248055612,0.484472049689441
5,2,tangent_mlp_seed2202,25,0.001552770691240364,0.484472049689441
5,2,tangent_mlp_seed2202,26,0.002215397766538182,0.4875776397515528
5,2,tangent_mlp_seed2202,27,0.0008407112247404985,0.4875776397515528
5,2,tangent_mlp_seed2202,28,0.0041957025351616745,0.49068322981366463
5,2,tangent_mlp_seed2202,29,0.0004184994134479735,0.49068322981366463
5,2,tangent_mlp_seed2202,30,0.000764014548990847,0.49068322981366463
5,2,tangent_mlp_seed2202,31,0.0008045607776408876,0.48757763975155277
5,2,tangent_mlp_seed2202,32,0.0011593562319206678,0.4906832298136646
5,2,tangent_mlp_seed2202,33,0.0010050462459825647,0.4937888198757764
5,2,tangent_mlp_seed2202,34,0.0005238367260094333,0.49223602484472045
5,2,tangent_mlp_seed2202,35,0.0013602682130696658,0.4906832298136646
5,2,tangent_mlp_seed2202,36,0.0014996792860757745,0.4922360248447205
5,2,tangent_mlp_seed2202,37,0.0008398217216926699,0.49068322981366463
5,2,tangent_mlp_seed2202,38,0.0005362408363550426,0.49068322981366463
5,2,tangent_mlp_seed2202,39,0.000689969549120771,0.49068322981366463
5,2,tangent_mlp_seed2202,40,0.0004946092597298111,0.49068322981366463
5,2,tangent_mlp_seed2202,41,0.0004543421598294963,0.49068322981366463
5,2,tangent_mlp_seed2202,42,0.0004577281701610776,0.4922360248447205
5,2,tangent_mlp_seed2202,43,0.00016428902785065562,0.4922360248447205
5,2,tangent_mlp_seed2202,44,0.0005992715395680068,0.4953416149068323
5,2,tangent_mlp_seed2202,45,0.0008561020160721735,0.49378881987577644
5,2,tangent_mlp_seed2202,46,0.00031474809534007926,0.49068322981366463
5,2,tangent_mlp_seed2202,47,0.00016208163986592994,0.4922360248447205
5,2,tangent_mlp_seed2202,48,0.0002930207865484133,0.4922360248447205
5,2,tangent_mlp_seed2202,49,0.00012089486442539906,0.49378881987577644
5,2,tangent_mlp_seed2202,50,0.000810692295682876,0.4906832298136646
5,2,tangent_mlp_seed2202,51,0.0006023491508072151,0.4937888198757764
5,2,tangent_mlp_seed2202,52,0.0006338323515927331,0.4937888198757764
5,2,tangent_mlp_seed2202,53,0.00032758384945035554,0.4937888198757764
5,2,tangent_mlp_seed2202,54,0.0002162958078236384,0.4937888198757764
5,2,tangent_mlp_seed2202,55,0.00025719262550265553,0.4937888198757764
5,2,tangent_mlp_seed2202,56,0.00020354281432853678,0.4922360248447205
5,2,tangent_mlp_seed3202,1,0.6796336983566853,0.4937888198757764
5,2,tangent_mlp_seed3202,2,0.37040787268040787,0.4782608695652174
5,2,tangent_mlp_seed3202,3,0.139170309908651,0.47826086956521735
5,2,tangent_mlp_seed3202,4,0.050920870025359576,0.48602484472049695
5,2,tangent_mlp_seed3202,5,0.022493330483783536,0.48757763975155277
5,2,tangent_mlp_seed3202,6,0.01701451629279784,0.49223602484472057
5,2,tangent_mlp_seed3202,7,0.013557177759818177,0.48913043478260876
5,2,tangent_mlp_seed3202,8,0.007076285872145078,0.48913043478260876
5,2,tangent_mlp_seed3202,9,0.006857331656846241,0.48913043478260876
5,2,tangent_mlp_seed3202,10,0.0045677862032803135,0.4875776397515528
5,2,tangent_mlp_seed3202,11,0.003933158114700768,0.4860248447204969
5,2,tangent_mlp_seed3202,12,0.004061187571146299,0.4875776397515528
5,2,tangent_mlp_seed3202,13,0.002393848373929956,0.4906832298136647
5,3,pearson_mlp_seed1203,1,0.6988271729863105,0.5326086956521738
5,3,pearson_mlp_seed1203,2,0.6650530356376325,0.5263975155279503
5,3,pearson_mlp_seed1203,3,0.6177261528091051,0.5139751552795031
5,3,pearson_mlp_seed1203,4,0.6082861168467584,0.4937888198757764
5,3,pearson_mlp_seed1203,5,0.5900526977890167,0.47360248447204967
5,3,pearson_mlp_seed1203,6,0.5655541206473735,0.47981366459627334
5,3,pearson_mlp_seed1203,7,0.4944156482445067,0.4782608695652174
5,3,pearson_mlp_seed1203,8,0.46939128518697637,0.4518633540372671
5,3,pearson_mlp_seed1203,9,0.45422287218606294,0.47826086956521746
5,3,pearson_mlp_seed1203,10,0.39319528320535496,0.4673913043478261
5,3,pearson_mlp_seed1203,11,0.42740754642296785,0.43788819875776397
5,3,pearson_mlp_seed1203,12,0.3240918365135715,0.46273291925465837
5,3,pearson_mlp_seed1203,13,0.3419730887187654,0.43944099378881984
5,3,pearson_mlp_seed2203,1,0.704337345130408,0.5419254658385093
5,3,pearson_mlp_seed2203,2,0.6902187030706832,0.5341614906832299
5,3,pearson_mlp_seed2203,3,0.6672487846061365,0.5139751552795031
5,3,pearson_mlp_seed2203,4,0.6097374863885529,0.4953416149068323
5,3,pearson_mlp_seed2203,5,0.5827742207109632,0.49378881987577644
5,3,pearson_mlp_seed2203,6,0.5275822904572558,0.4953416149068324
5,3,pearson_mlp_seed2203,7,0.539002231697538,0.4829192546583851
5,3,pearson_mlp_seed2203,8,0.5109897287034276,0.4720496894409938
5,3,pearson_mlp_seed2203,9,0.49518746345197384,0.48291925465838514
5,3,pearson_mlp_seed2203,10,0.4441725656167785,0.4549689440993788
5,3,pearson_mlp_seed2203,11,0.4423596307412902,0.4440993788819876
5,3,pearson_mlp_seed2203,12,0.406473389015862,0.4549689440993789
5,3,pearson_mlp_seed2203,13,0.4227912897494302,0.45341614906832295
5,3,pearson_mlp_seed3203,1,0.7365707292485593,0.5403726708074534
5,3,pearson_mlp_seed3203,2,0.6831248109020404,0.532608695652174
5,3,pearson_mlp_seed3203,3,0.6757124365858771,0.5093167701863355
5,3,pearson_mlp_seed3203,4,0.5993588360684428,0.515527950310559
5,3,pearson_mlp_seed3203,5,0.5891526553464767,0.5139751552795031
5,3,pearson_mlp_seed3203,6,0.5914558416871882,0.5031055900621119
5,3,pearson_mlp_seed3203,7,0.5713826413474866,0.49689440993788825
5,3,pearson_mlp_seed3203,8,0.537697987325156,0.5015527950310559
5,3,pearson_mlp_seed3203,9,0.5038041755631195,0.4704968944099379
5,3,pearson_mlp_seed3203,10,0.5094691512003466,0.46583850931677023
5,3,pearson_mlp_seed3203,11,0.5196063227914459,0.45962732919254656
5,3,pearson_mlp_seed3203,12,0.44044138187199683,0.4627329192546584
5,3,pearson_mlp_seed3203,13,0.4063293327443042,0.4580745341614907
5,3,tangent_mlp_seed1203,1,0.623463104168574,0.6413043478260869
5,3,tangent_mlp_seed1203,2,0.2851174221703069,0.6444099378881988
5,3,tangent_mlp_seed1203,3,0.09492539047305264,0.6428571428571429
5,3,tangent_mlp_seed1203,4,0.048063581336790055,0.6413043478260869
5,3,tangent_mlp_seed1203,5,0.02422839290096392,0.639751552795031
5,3,tangent_mlp_seed1203,6,0.0179839407728605,0.6413043478260869
5,3,tangent_mlp_seed1203,7,0.008626721252627041,0.639751552795031
5,3,tangent_mlp_seed1203,8,0.011317553255818229,0.6381987577639752
5,3,tangent_mlp_seed1203,9,0.004474797594217371,0.6381987577639753
5,3,tangent_mlp_seed1203,10,0.005498268850036522,0.6366459627329193
5,3,tangent_mlp_seed1203,11,0.009100618834470617,0.6350931677018634
5,3,tangent_mlp_seed1203,12,0.0031053776793710107,0.6350931677018634
5,3,tangent_mlp_seed1203,13,0.005364641851272935,0.6319875776397516
5,3,tangent_mlp_seed1203,14,0.003159787849898436,0.6304347826086957
5,3,tangent_mlp_seed2203,1,0.6638150671821329,0.7158385093167702
5,3,tangent_mlp_seed2203,2,0.3450347960588351,0.6832298136645963
5,3,tangent_mlp_seed2203,3,0.1377897381930802,0.6816770186335405
5,3,tangent_mlp_seed2203,4,0.062163006829385144,0.6770186335403726
5,3,tangent_mlp_seed2203,5,0.038979398040332604,0.6770186335403727
5,3,tangent_mlp_seed2203,6,0.01568321950863398,0.6739130434782609
5,3,tangent_mlp_seed2203,7,0.014516447712458781,0.6754658385093167
5,3,tangent_mlp_seed2203,8,0.00854225820208441,0.6739130434782609
5,3,tangent_mlp_seed2203,9,0.007090793617315294,0.6739130434782609
5,3,tangent_mlp_seed2203,10,0.007035985676483691,0.6723602484472049
5,3,tangent_mlp_seed2203,11,0.006328504621769436,0.6739130434782609
5,3,tangent_mlp_seed2203,12,0.0066144417905346,0.6692546583850931
5,3,tangent_mlp_seed2203,13,0.0034354104062736925,0.6661490683229814
5,3,tangent_mlp_seed3203,1,0.6860963601378066,0.7003105590062112
5,3,tangent_mlp_seed3203,2,0.4141130236843925,0.6940993788819876
5,3,tangent_mlp_seed3203,3,0.207529038079639,0.6894409937888198
5,3,tangent_mlp_seed3203,4,0.08294652762883041,0.6801242236024845
5,3,tangent_mlp_seed3203,5,0.03993517097284952,0.672360248447205
5,3,tangent_mlp_seed3203,6,0.018206086791634782,0.6630434782608696
5,3,tangent_mlp_seed3203,7,0.010002310712131398,0.6599378881987578
5,3,tangent_mlp_seed3203,8,0.009307181337542499,0.6599378881987578
5,3,tangent_mlp_seed3203,9,0.009686686617521504,0.6583850931677019
5,3,tangent_mlp_seed3203,10,0.006840703218934399,0.6583850931677019
5,3,tangent_mlp_seed3203,11,0.009545889863772179,0.6506211180124224
5,3,tangent_mlp_seed3203,12,0.003338843245819137,0.6506211180124224
5,3,tangent_mlp_seed3203,13,0.006283750571078848,0.6506211180124224
